<?xml version="1.0" encoding="UTF-8" ?>
<?demandware-pipeline version="2.0"?>

<pipeline group="Checkout">
  <description>Pipeline implements the first step of the cart checkout process, which is to ask the customer to login, register or checkout anonymously.</description>
  <branch basename="_ANONYMOUS_BRANCH_1">
    <segment>
      <node>
        <text-node>
          <description>First step of the checkout: provide to choose checkout type (returning, guest or create account)</description>
        </text-node>
        <node-display x="3" y="1"/>
      </node>
    </segment>
  </branch>
  <branch basename="Start">
    <segment>
      <node>
        <start-node name="Start" secure="true"/>
        <node-display x="3" y="2"/>
      </node>
      <simple-transition/>
      <node>
        <call-node start-name-ref="COCustomer-PrepareCheckout"/>
        <node-display x="0" y="1"/>
      </node>
      <simple-transition>
        <transition-display>
          <bend-point relative-to="target" x="-1" y="0"/>
        </transition-display>
      </simple-transition>
      <node>
        <decision-node condition-key="CurrentCustomer.authenticated" condition-operator="expr"/>
        <node-display orientation="horizontal" x="0" y="1"/>
        <branch basename="b2" source-connector="yes">
          <transition target-connector="in">
            <transition-display>
              <bend-point relative-to="source" x="1" y="0"/>
            </transition-display>
          </transition>
          <segment>
            <node>
              <jump-node start-name-ref="COShipping-Start"/>
              <node-display orientation="horizontal" x="1" y="0"/>
            </node>
          </segment>
        </branch>
      </node>
      <simple-transition/>
      <node>
        <pipelet-node pipelet-name="ClearFormElement" pipelet-set-identifier="bc_api">
          <key-binding alias="CurrentForms.login" key="FormElement"/>
        </pipelet-node>
        <node-display x="0" y="1"/>
      </node>
      <simple-transition>
        <transition-display>
          <bend-point relative-to="source" x="0" y="1"/>
          <bend-point relative-to="target" x="-1" y="0"/>
        </transition-display>
      </simple-transition>
      <node>
        <decision-node condition-key="!CurrentCustomer.registered" condition-operator="expr"/>
        <node-display orientation="horizontal" x="0" y="1"/>
        <branch basename="b3" source-connector="yes">
          <transition target-connector="in1" target-path="./+1">
            <transition-display>
              <bend-point relative-to="source" x="1" y="0"/>
              <bend-point relative-to="target" x="1" y="0"/>
            </transition-display>
          </transition>
        </branch>
      </node>
      <simple-transition>
        <transition-display>
          <bend-point relative-to="source" x="0" y="1"/>
        </transition-display>
      </simple-transition>
      <node>
        <pipelet-node pipelet-name="Assign" pipelet-set-identifier="bc_api">
          <key-binding alias="CurrentCustomer.profile.credentials.login" key="From_0"/>
          <key-binding alias="CurrentForms.login.username.value" key="To_0"/>
          <key-binding alias="null" key="From_1"/>
          <key-binding alias="null" key="To_1"/>
          <key-binding alias="null" key="From_2"/>
          <key-binding alias="null" key="To_2"/>
          <key-binding alias="null" key="From_3"/>
          <key-binding alias="null" key="To_3"/>
          <key-binding alias="null" key="From_4"/>
          <key-binding alias="null" key="To_4"/>
          <key-binding alias="null" key="From_5"/>
          <key-binding alias="null" key="To_5"/>
          <key-binding alias="null" key="From_6"/>
          <key-binding alias="null" key="To_6"/>
          <key-binding alias="null" key="From_7"/>
          <key-binding alias="null" key="To_7"/>
          <key-binding alias="null" key="From_8"/>
          <key-binding alias="null" key="To_8"/>
          <key-binding alias="null" key="From_9"/>
          <key-binding alias="null" key="To_9"/>
        </pipelet-node>
        <node-display x="0" y="1"/>
      </node>
      <transition target-connector="in1" target-path="./+1"/>
    </segment>
    <segment>
      <node>
        <join-node/>
        <node-display x="0" y="1"/>
      </node>
      <simple-transition/>
      <node>
        <pipelet-node pipelet-name="UpdatePageMetaData" pipelet-set-identifier="bc_api">
          <key-binding alias="null" key="DefaultKeywords"/>
          <key-binding alias="null" key="DefaultDescription"/>
          <key-binding alias="null" key="Product"/>
          <key-binding alias="null" key="Category"/>
          <key-binding alias="dw.content.ContentMgr.getContent(&quot;myaccount-login&quot;)" key="Content"/>
        </pipelet-node>
        <node-display x="0" y="1"/>
      </node>
      <transition target-connector="in1" target-path="./+1"/>
    </segment>
    <segment>
      <node>
        <join-node/>
        <node-display x="0" y="1"/>
      </node>
      <simple-transition>
        <transition-display>
          <bend-point relative-to="source" x="0" y="1"/>
        </transition-display>
      </simple-transition>
      <node>
        <interaction-continue-node secure="true" start-name="LoginForm" transaction-required="false">
          <template buffered="true" dynamic="false" name="checkout/checkoutlogin"/>
        </interaction-continue-node>
        <node-display x="0" y="1"/>
        <branch basename="b2" source-connector="login">
          <transition target-connector="in">
            <transition-display>
              <bend-point relative-to="target" x="0" y="-1"/>
            </transition-display>
          </transition>
          <segment>
            <node>
              <pipelet-node pipelet-name="Assign" pipelet-set-identifier="bc_api">
                <key-binding alias="CurrentForms.login.username.value" key="From_0"/>
                <key-binding alias="CurrentForms.login.password.value" key="From_1"/>
                <key-binding alias="Login" key="To_0"/>
                <key-binding alias="Password" key="To_1"/>
                <key-binding alias="CurrentForms.login.rememberme.value" key="From_2"/>
                <key-binding alias="RememberMe" key="To_2"/>
              </pipelet-node>
              <node-display x="-1" y="2"/>
            </node>
            <simple-transition>
              <transition-display>
                <bend-point relative-to="target" x="0" y="-1"/>
              </transition-display>
            </simple-transition>
            <node>
              <call-node start-name-ref="Login-Process"/>
              <node-display x="0" y="3"/>
              <branch basename="b2" source-connector="login_failed">
                <transition target-connector="in1" target-path="../+1">
                  <transition-display>
                    <bend-point relative-to="source" x="1" y="2"/>
                    <bend-point relative-to="source" x="8" y="2"/>
                  </transition-display>
                </transition>
              </branch>
              <branch basename="b3" source-connector="login_succeeded">
                <transition target-connector="in">
                  <transition-display>
                    <bend-point relative-to="target" x="0" y="-1"/>
                  </transition-display>
                </transition>
                <segment>
                  <node>
                    <pipelet-node pipelet-name="Assign" pipelet-set-identifier="bc_api">
                      <config-property key="Transactional" value="false"/>
                      <key-binding alias="&quot;COShipping-Start&quot;" key="From_0"/>
                      <key-binding alias="TargetPipeline" key="To_0"/>
                      <key-binding alias="null" key="From_1"/>
                      <key-binding alias="null" key="To_1"/>
                      <key-binding alias="null" key="From_2"/>
                      <key-binding alias="null" key="To_2"/>
                      <key-binding alias="null" key="From_3"/>
                      <key-binding alias="null" key="To_3"/>
                      <key-binding alias="null" key="From_4"/>
                      <key-binding alias="null" key="To_4"/>
                      <key-binding alias="null" key="From_5"/>
                      <key-binding alias="null" key="To_5"/>
                      <key-binding alias="null" key="From_6"/>
                      <key-binding alias="null" key="To_6"/>
                      <key-binding alias="null" key="From_7"/>
                      <key-binding alias="null" key="To_7"/>
                      <key-binding alias="null" key="From_8"/>
                      <key-binding alias="null" key="To_8"/>
                      <key-binding alias="null" key="From_9"/>
                      <key-binding alias="null" key="To_9"/>
                    </pipelet-node>
                    <node-display x="0" y="2"/>
                  </node>
                  <simple-transition>
                    <transition-display>
                      <bend-point relative-to="source" x="0" y="1"/>
                    </transition-display>
                  </simple-transition>
                  <node>
                    <jump-node start-name-ref="Login-Redirect"/>
                    <node-display x="0" y="1"/>
                  </node>
                </segment>
              </branch>
            </node>
          </segment>
        </branch>
        <branch basename="b3" source-connector="register">
          <transition target-connector="in">
            <transition-display>
              <bend-point relative-to="target" x="0" y="-1"/>
            </transition-display>
          </transition>
          <segment>
            <node>
              <call-node start-name-ref="Account-Register"/>
              <node-display x="0" y="2"/>
              <branch basename="b2" source-connector="cancel">
                <transition target-connector="in">
                  <transition-display>
                    <bend-point relative-to="target" x="0" y="-1"/>
                  </transition-display>
                </transition>
                <segment>
                  <node>
                    <jump-node start-name-ref="COCustomer-Start"/>
                    <node-display x="0" y="2"/>
                  </node>
                </segment>
              </branch>
              <branch basename="b3" source-connector="ok">
                <transition target-connector="in">
                  <transition-display>
                    <bend-point relative-to="target" x="-1" y="0"/>
                  </transition-display>
                </transition>
                <segment>
                  <node>
                    <pipelet-node pipelet-name="Assign" pipelet-set-identifier="bc_api">
                      <config-property key="Transactional" value="false"/>
                      <key-binding alias="&quot;COShipping-Start&quot;" key="From_0"/>
                      <key-binding alias="TargetPipeline" key="To_0"/>
                      <key-binding alias="null" key="From_1"/>
                      <key-binding alias="null" key="To_1"/>
                      <key-binding alias="null" key="From_2"/>
                      <key-binding alias="null" key="To_2"/>
                      <key-binding alias="null" key="From_3"/>
                      <key-binding alias="null" key="To_3"/>
                      <key-binding alias="null" key="From_4"/>
                      <key-binding alias="null" key="To_4"/>
                      <key-binding alias="null" key="From_5"/>
                      <key-binding alias="null" key="To_5"/>
                      <key-binding alias="null" key="From_6"/>
                      <key-binding alias="null" key="To_6"/>
                      <key-binding alias="null" key="From_7"/>
                      <key-binding alias="null" key="To_7"/>
                      <key-binding alias="null" key="From_8"/>
                      <key-binding alias="null" key="To_8"/>
                      <key-binding alias="null" key="From_9"/>
                      <key-binding alias="null" key="To_9"/>
                    </pipelet-node>
                    <node-display orientation="horizontal" x="1" y="1"/>
                  </node>
                  <simple-transition>
                    <transition-display>
                      <bend-point relative-to="source" x="0" y="1"/>
                    </transition-display>
                  </simple-transition>
                  <node>
                    <jump-node start-name-ref="Login-Redirect"/>
                    <node-display x="0" y="1"/>
                  </node>
                </segment>
              </branch>
            </node>
          </segment>
        </branch>
        <branch basename="b4" source-connector="unregistered">
          <transition target-connector="in">
            <transition-display>
              <bend-point relative-to="source" x="4" y="3"/>
              <bend-point relative-to="target" x="0" y="-1"/>
            </transition-display>
          </transition>
          <segment>
            <node>
              <jump-node start-name-ref="COShipping-Start"/>
              <node-display x="2" y="4"/>
            </node>
          </segment>
        </branch>
      </node>
      <transition target-connector="in1" target-path="./+1"/>
    </segment>
    <segment>
      <node>
        <join-node/>
        <node-display x="3" y="0"/>
      </node>
      <transition target-connector="in1" target-path="./-1">
        <transition-display>
          <bend-point relative-to="source" x="0" y="-2"/>
        </transition-display>
      </transition>
    </segment>
  </branch>
  <branch basename="_ANONYMOUS_BRANCH_3">
    <segment>
      <node>
        <text-node>
          <description>Prepares the checkout initially: removes all payment instruments from the basket and clears all forms used in the checkout process, when the customer enters the checkout. The single steps (shipping, billing etc.) may not contain the form clearing in order to support navigating forth and back in the checkout steps without losing already entered form values.</description>
        </text-node>
        <node-display width="3" x="7" y="1"/>
      </node>
    </segment>
  </branch>
  <branch basename="PrepareCheckout">
    <segment>
      <node>
        <start-node call-mode="private" name="PrepareCheckout" secure="false"/>
        <node-display x="7" y="2"/>
      </node>
      <simple-transition/>
      <node>
        <pipelet-node pipelet-name="ClearFormElement" pipelet-set-identifier="bc_api">
          <key-binding alias="CurrentForms.singleshipping" key="FormElement"/>
        </pipelet-node>
        <node-display x="0" y="1"/>
      </node>
      <simple-transition/>
      <node>
        <pipelet-node pipelet-name="ClearFormElement" pipelet-set-identifier="bc_api">
          <key-binding alias="CurrentForms.multishipping" key="FormElement"/>
        </pipelet-node>
        <node-display x="0" y="1"/>
      </node>
      <simple-transition/>
      <node>
        <pipelet-node pipelet-name="ClearFormElement" pipelet-set-identifier="bc_api">
          <key-binding alias="CurrentForms.billing" key="FormElement"/>
        </pipelet-node>
        <node-display x="0" y="1"/>
      </node>
      <simple-transition/>
      <node>
        <pipelet-node pipelet-name="GetBasket" pipelet-set-identifier="bc_api">
          <config-property key="Create" value="true"/>
          <key-binding alias="Basket" key="Basket"/>
        </pipelet-node>
        <node-display x="0" y="1"/>
        <branch basename="b2" source-connector="error">
          <transition target-connector="in1"/>
          <segment>
            <node>
              <join-node/>
              <node-display x="1" y="0"/>
            </node>
            <transition target-connector="in1" target-path="./+1"/>
          </segment>
          <segment>
            <node>
              <join-node/>
              <node-display x="0" y="2"/>
            </node>
            <transition target-connector="in1" target-path="../+1"/>
          </segment>
        </branch>
      </node>
      <simple-transition/>
      <node>
        <pipelet-node custom-name="Remove all existing payment instruments from the basket" pipelet-name="Eval" pipelet-set-identifier="bc_api">
          <config-property key="OnError" value="null"/>
          <config-property key="Transactional" value="true"/>
          <config-property key="Expression" value="Basket.removeAllPaymentInstruments()"/>
          <key-binding alias="Result" key="Result"/>
        </pipelet-node>
        <node-display x="0" y="1"/>
      </node>
      <transition target-connector="in1" target-path="./+1"/>
    </segment>
    <segment>
      <node>
        <join-node/>
        <node-display x="0" y="1"/>
      </node>
      <simple-transition/>
      <node>
        <end-node/>
        <node-display x="0" y="1"/>
      </node>
    </segment>
  </branch>
  <branch basename="_ANONYMOUS_BRANCH_5">
    <segment>
      <node>
        <text-node>
          <description>Direct to first checkout step if already authenticated</description>
        </text-node>
        <node-display x="2" y="4"/>
      </node>
    </segment>
  </branch>
  <branch basename="_ANONYMOUS_BRANCH_6">
    <segment>
      <node>
        <text-node>
          <description>Prepopulate login form field with customer's login name</description>
        </text-node>
        <node-display x="2" y="7"/>
      </node>
    </segment>
  </branch>
  <branch basename="_ANONYMOUS_BRANCH_7">
    <segment>
      <node>
        <text-node>
          <description>Delegate login to appropriate authentication pipeline and react on success/failure</description>
        </text-node>
        <node-display x="1" y="15"/>
      </node>
    </segment>
  </branch>
</pipeline>
