<?xml version="1.0" encoding="UTF-8" ?>
<?demandware-pipeline version="2.0"?>

<pipeline group="ProductList">
  <branch basename="_ANONYMOUS_BRANCH_1">
    <segment>
      <node>
        <text-node>
          <description>Renders a public gift registry, which can be accessed by people other than the owner.</description>
        </text-node>
        <node-display x="1" y="1"/>
      </node>
    </segment>
  </branch>
  <branch basename="Show">
    <segment>
      <node>
        <start-node name="Show" secure="false">
          <start-parameter value="GiftRegistryID"/>
        </start-node>
        <node-display x="1" y="2"/>
      </node>
      <simple-transition/>
      <node>
        <pipelet-node pipelet-name="ClearFormElement" pipelet-set-identifier="bc_api">
          <key-binding alias="CurrentForms.giftregistry" key="FormElement"/>
        </pipelet-node>
        <node-display x="0" y="1"/>
      </node>
      <simple-transition/>
      <node>
        <pipelet-node pipelet-name="Assign" pipelet-set-identifier="bc_api">
          <key-binding alias="CurrentHttpParameterMap.ID.stringValue" key="From_0"/>
          <key-binding alias="ProductListID" key="To_0"/>
          <key-binding alias="null" key="From_1"/>
          <key-binding alias="null" key="To_1"/>
          <key-binding alias="null" key="From_2"/>
          <key-binding alias="null" key="To_2"/>
          <key-binding alias="null" key="From_3"/>
          <key-binding alias="null" key="To_3"/>
          <key-binding alias="null" key="From_4"/>
          <key-binding alias="null" key="To_4"/>
          <key-binding alias="null" key="From_5"/>
          <key-binding alias="null" key="To_5"/>
          <key-binding alias="null" key="From_6"/>
          <key-binding alias="null" key="To_6"/>
          <key-binding alias="null" key="From_7"/>
          <key-binding alias="null" key="To_7"/>
          <key-binding alias="null" key="From_8"/>
          <key-binding alias="null" key="To_8"/>
          <key-binding alias="null" key="From_9"/>
          <key-binding alias="null" key="To_9"/>
        </pipelet-node>
        <node-display x="0" y="1"/>
      </node>
      <simple-transition/>
      <node>
        <decision-node condition-key="typeof(ProductListID) != 'undefined' &amp;&amp; ProductListID != null" condition-operator="expr"/>
        <node-display x="0" y="1"/>
        <branch basename="b2" source-connector="yes">
          <transition target-connector="in"/>
          <segment>
            <node>
              <pipelet-node pipelet-name="GetProductList" pipelet-set-identifier="bc_api">
                <config-property key="Create" value="false"/>
                <key-binding alias="null" key="Type"/>
                <key-binding alias="ProductList" key="ProductList"/>
                <key-binding alias="null" key="Customer"/>
                <key-binding alias="ProductListID" key="ProductListID"/>
              </pipelet-node>
              <node-display x="0" y="1"/>
              <branch basename="b2" source-connector="error">
                <transition target-connector="in">
                  <transition-display>
                    <bend-point relative-to="source" x="4" y="0"/>
                  </transition-display>
                </transition>
                <segment>
                  <node>
                    <pipelet-node pipelet-name="Assign" pipelet-set-identifier="bc_api">
                      <key-binding alias="new dw.system.Status(dw.system.Status.ERROR, 'notfound')" key="From_0"/>
                      <key-binding alias="Status" key="To_0"/>
                      <key-binding alias="null" key="From_1"/>
                      <key-binding alias="null" key="To_1"/>
                      <key-binding alias="null" key="From_2"/>
                      <key-binding alias="null" key="To_2"/>
                      <key-binding alias="null" key="From_3"/>
                      <key-binding alias="null" key="To_3"/>
                      <key-binding alias="null" key="From_4"/>
                      <key-binding alias="null" key="To_4"/>
                      <key-binding alias="null" key="From_5"/>
                      <key-binding alias="null" key="To_5"/>
                      <key-binding alias="null" key="From_6"/>
                      <key-binding alias="null" key="To_6"/>
                      <key-binding alias="null" key="From_7"/>
                      <key-binding alias="null" key="To_7"/>
                      <key-binding alias="null" key="From_8"/>
                      <key-binding alias="null" key="To_8"/>
                      <key-binding alias="null" key="From_9"/>
                      <key-binding alias="null" key="To_9"/>
                    </pipelet-node>
                    <node-display x="2" y="3"/>
                  </node>
                  <transition target-connector="in1" target-path="../+2">
                    <transition-display>
                      <bend-point relative-to="source" x="0" y="4"/>
                    </transition-display>
                  </transition>
                </segment>
              </branch>
            </node>
            <simple-transition/>
            <node>
              <decision-node condition-key="ProductList.public" condition-operator="expr"/>
              <node-display x="0" y="1"/>
              <branch basename="b3" source-connector="yes">
                <transition target-connector="in"/>
                <segment>
                  <node>
                    <pipelet-node pipelet-name="UpdateFormWithObject" pipelet-set-identifier="bc_api">
                      <config-property key="Clear" value="false"/>
                      <key-binding alias="CurrentForms.giftregistry.items" key="Form"/>
                      <key-binding alias="ProductList.publicItems" key="Object"/>
                    </pipelet-node>
                    <node-display x="0" y="1"/>
                  </node>
                  <simple-transition/>
                  <node>
                    <pipelet-node pipelet-name="UpdateFormWithObject" pipelet-set-identifier="bc_api">
                      <config-property key="Clear" value="false"/>
                      <key-binding alias="CurrentForms.giftregistry.event" key="Form"/>
                      <key-binding alias="ProductList" key="Object"/>
                    </pipelet-node>
                    <node-display x="0" y="1"/>
                  </node>
                  <transition target-connector="in1" target-path="../+1"/>
                </segment>
              </branch>
            </node>
            <simple-transition>
              <transition-display>
                <bend-point relative-to="source" x="2" y="0"/>
              </transition-display>
            </simple-transition>
            <node>
              <pipelet-node pipelet-name="Assign" pipelet-set-identifier="bc_api">
                <key-binding alias="null" key="From_0"/>
                <key-binding alias="ProductList" key="To_0"/>
                <key-binding alias="null" key="From_1"/>
                <key-binding alias="null" key="To_1"/>
                <key-binding alias="null" key="From_2"/>
                <key-binding alias="null" key="To_2"/>
                <key-binding alias="null" key="From_3"/>
                <key-binding alias="null" key="To_3"/>
                <key-binding alias="null" key="From_4"/>
                <key-binding alias="null" key="To_4"/>
                <key-binding alias="null" key="From_5"/>
                <key-binding alias="null" key="To_5"/>
                <key-binding alias="null" key="From_6"/>
                <key-binding alias="null" key="To_6"/>
                <key-binding alias="null" key="From_7"/>
                <key-binding alias="null" key="To_7"/>
                <key-binding alias="null" key="From_8"/>
                <key-binding alias="null" key="To_8"/>
                <key-binding alias="null" key="From_9"/>
                <key-binding alias="null" key="To_9"/>
              </pipelet-node>
              <node-display x="1" y="1"/>
            </node>
            <simple-transition/>
            <node>
              <pipelet-node pipelet-name="Assign" pipelet-set-identifier="bc_api">
                <key-binding alias="new dw.system.Status(dw.system.Status.ERROR, 'private')" key="From_0"/>
                <key-binding alias="Status" key="To_0"/>
                <key-binding alias="null" key="From_1"/>
                <key-binding alias="null" key="To_1"/>
                <key-binding alias="null" key="From_2"/>
                <key-binding alias="null" key="To_2"/>
                <key-binding alias="null" key="From_3"/>
                <key-binding alias="null" key="To_3"/>
                <key-binding alias="null" key="From_4"/>
                <key-binding alias="null" key="To_4"/>
                <key-binding alias="null" key="From_5"/>
                <key-binding alias="null" key="To_5"/>
                <key-binding alias="null" key="From_6"/>
                <key-binding alias="null" key="To_6"/>
                <key-binding alias="null" key="From_7"/>
                <key-binding alias="null" key="To_7"/>
                <key-binding alias="null" key="From_8"/>
                <key-binding alias="null" key="To_8"/>
                <key-binding alias="null" key="From_9"/>
                <key-binding alias="null" key="To_9"/>
              </pipelet-node>
              <node-display x="0" y="1"/>
            </node>
            <transition target-connector="in1" target-path="./+1">
              <transition-display>
                <bend-point relative-to="source" x="0" y="2"/>
              </transition-display>
            </transition>
          </segment>
          <segment>
            <node>
              <join-node/>
              <node-display x="-1" y="1"/>
            </node>
            <transition target-connector="in1" target-path="./+1"/>
          </segment>
          <segment>
            <node>
              <join-node/>
              <node-display x="0" y="1"/>
            </node>
            <transition target-connector="in1" target-path="../+1"/>
          </segment>
        </branch>
      </node>
      <simple-transition>
        <transition-display>
          <bend-point relative-to="source" x="6" y="0"/>
        </transition-display>
      </simple-transition>
      <node>
        <pipelet-node pipelet-name="Assign" pipelet-set-identifier="bc_api">
          <key-binding alias="new dw.system.Status(dw.system.Status.ERROR, 'notfound')" key="From_0"/>
          <key-binding alias="Status" key="To_0"/>
          <key-binding alias="null" key="From_1"/>
          <key-binding alias="null" key="To_1"/>
          <key-binding alias="null" key="From_2"/>
          <key-binding alias="null" key="To_2"/>
          <key-binding alias="null" key="From_3"/>
          <key-binding alias="null" key="To_3"/>
          <key-binding alias="null" key="From_4"/>
          <key-binding alias="null" key="To_4"/>
          <key-binding alias="null" key="From_5"/>
          <key-binding alias="null" key="To_5"/>
          <key-binding alias="null" key="From_6"/>
          <key-binding alias="null" key="To_6"/>
          <key-binding alias="null" key="From_7"/>
          <key-binding alias="null" key="To_7"/>
          <key-binding alias="null" key="From_8"/>
          <key-binding alias="null" key="To_8"/>
          <key-binding alias="null" key="From_9"/>
          <key-binding alias="null" key="To_9"/>
        </pipelet-node>
        <node-display x="3" y="4"/>
      </node>
      <transition target-connector="in1" target-path="./+1">
        <transition-display>
          <bend-point relative-to="source" x="0" y="6"/>
        </transition-display>
      </transition>
    </segment>
    <segment>
      <node>
        <join-node/>
        <node-display x="-3" y="3"/>
      </node>
      <simple-transition/>
      <node>
        <interaction-continue-node secure="false" start-name="ShowInteraction" transaction-required="false">
          <template buffered="true" dynamic="false" name="account/giftregistry/registrycustomer"/>
        </interaction-continue-node>
        <node-display x="0" y="1"/>
        <branch basename="b2" source-connector="purchaseGiftCertificate">
          <transition target-connector="in">
            <transition-display>
              <bend-point relative-to="target" x="0" y="-1"/>
            </transition-display>
          </transition>
          <segment>
            <node>
              <pipelet-node pipelet-name="Assign" pipelet-set-identifier="bc_api">
                <key-binding alias="TriggeredAction.object" key="From_0"/>
                <key-binding alias="ProductListItem" key="To_0"/>
                <key-binding alias="null" key="From_1"/>
                <key-binding alias="null" key="To_1"/>
                <key-binding alias="null" key="From_2"/>
                <key-binding alias="null" key="To_2"/>
                <key-binding alias="null" key="From_3"/>
                <key-binding alias="null" key="To_3"/>
                <key-binding alias="null" key="From_4"/>
                <key-binding alias="null" key="To_4"/>
                <key-binding alias="null" key="From_5"/>
                <key-binding alias="null" key="To_5"/>
                <key-binding alias="null" key="From_6"/>
                <key-binding alias="null" key="To_6"/>
                <key-binding alias="null" key="From_7"/>
                <key-binding alias="null" key="To_7"/>
                <key-binding alias="null" key="From_8"/>
                <key-binding alias="null" key="To_8"/>
                <key-binding alias="null" key="From_9"/>
                <key-binding alias="null" key="To_9"/>
              </pipelet-node>
              <node-display x="0" y="2"/>
            </node>
            <simple-transition>
              <transition-display>
                <bend-point relative-to="source" x="0" y="1"/>
              </transition-display>
            </simple-transition>
            <node>
              <jump-node start-name-ref="GiftRegistryCustomer-PurchaseGiftCertificate"/>
              <node-display x="0" y="1"/>
            </node>
          </segment>
        </branch>
        <branch basename="b3" source-connector="search">
          <transition target-connector="in">
            <transition-display>
              <bend-point relative-to="target" x="0" y="-2"/>
              <bend-point relative-to="target" x="0" y="-1"/>
            </transition-display>
          </transition>
          <segment>
            <node>
              <call-node start-name-ref="GiftRegistry-Search"/>
              <node-display x="1" y="2"/>
            </node>
            <simple-transition>
              <transition-display>
                <bend-point relative-to="source" x="0" y="1"/>
              </transition-display>
            </simple-transition>
            <node>
              <end-node/>
              <node-display x="0" y="1"/>
            </node>
          </segment>
        </branch>
      </node>
    </segment>
  </branch>
  <branch basename="_ANONYMOUS_BRANCH_3">
    <segment>
      <node>
        <text-node>
          <description>Provides action to add a gift certificate to the basket. As shipping address the address of the gift registry owner is used.</description>
        </text-node>
        <node-display width="2" x="5" y="1"/>
      </node>
    </segment>
  </branch>
  <branch basename="PurchaseGiftCertificate">
    <segment>
      <node>
        <start-node call-mode="public" name="PurchaseGiftCertificate" secure="false"/>
        <node-display x="5" y="2"/>
      </node>
      <simple-transition/>
      <node>
        <call-node start-name-ref="Cart-GetBasket"/>
        <node-display x="0" y="1"/>
        <branch basename="b2" source-connector="error">
          <transition target-connector="in2" target-path="./+1">
            <transition-display>
              <bend-point relative-to="source" x="1" y="1"/>
              <bend-point relative-to="target" x="1" y="-1"/>
            </transition-display>
          </transition>
        </branch>
      </node>
      <simple-transition/>
      <node>
        <call-node start-name-ref="ProductList-EnsureShipment"/>
        <node-display x="0" y="1"/>
      </node>
      <transition target-connector="in1" target-path="./+1"/>
    </segment>
    <segment>
      <node>
        <join-node/>
        <node-display x="0" y="1"/>
      </node>
      <simple-transition/>
      <node>
        <jump-node start-name-ref="GiftCert-Purchase"/>
        <node-display x="0" y="1"/>
      </node>
    </segment>
  </branch>
</pipeline>
