<?xml version="1.0" encoding="UTF-8" ?>
<?demandware-pipeline version="2.0"?>

<pipeline group="MyAccount">
  <description>Manages the order history of a registered user.</description>
  <branch basename="_ANONYMOUS_BRANCH_1">
    <segment>
      <node>
        <text-node>
          <description>Renders a page with the order history of the current logged in customer.</description>
        </text-node>
        <node-display x="1" y="1"/>
      </node>
    </segment>
  </branch>
  <branch basename="History">
    <segment>
      <node>
        <start-node name="History" secure="true"/>
        <node-display x="1" y="2"/>
      </node>
      <simple-transition/>
      <node>
        <pipelet-node pipelet-name="Assign" pipelet-set-identifier="bc_api">
          <config-property key="Transactional" value="false"/>
          <key-binding alias="&quot;Order-History&quot;" key="From_0"/>
          <key-binding alias="TargetPipeline" key="To_0"/>
          <key-binding alias="null" key="From_1"/>
          <key-binding alias="null" key="To_1"/>
          <key-binding alias="null" key="From_2"/>
          <key-binding alias="null" key="To_2"/>
          <key-binding alias="null" key="From_3"/>
          <key-binding alias="null" key="To_3"/>
          <key-binding alias="null" key="From_4"/>
          <key-binding alias="null" key="To_4"/>
          <key-binding alias="null" key="From_5"/>
          <key-binding alias="null" key="To_5"/>
          <key-binding alias="null" key="From_6"/>
          <key-binding alias="null" key="To_6"/>
          <key-binding alias="null" key="From_7"/>
          <key-binding alias="null" key="To_7"/>
          <key-binding alias="null" key="From_8"/>
          <key-binding alias="null" key="To_8"/>
          <key-binding alias="null" key="From_9"/>
          <key-binding alias="null" key="To_9"/>
        </pipelet-node>
        <node-display x="0" y="1"/>
      </node>
      <simple-transition/>
      <node>
        <call-node start-name-ref="Account-RequireLogin"/>
        <node-display x="0" y="1"/>
      </node>
      <simple-transition>
        <transition-display>
          <bend-point relative-to="source" x="0" y="1"/>
        </transition-display>
      </simple-transition>
      <node>
        <pipelet-node custom-name="Search orders of current user" pipelet-name="SearchSystemObject" pipelet-set-identifier="bc_api">
          <config-property key="ObjectType" value="Order"/>
          <config-property key="SearchExpression" value="customerNo={1} AND status!={2}"/>
          <key-binding alias="OrdersUnpaged" key="SearchResult"/>
          <key-binding alias="OrdersUnpagedCount" key="SearchResultCount"/>
          <key-binding alias="null" key="Search3Key"/>
          <key-binding alias="null" key="Search4Key"/>
          <key-binding alias="null" key="Search4Value"/>
          <key-binding alias="null" key="Search5Key"/>
          <key-binding alias="null" key="Search5Value"/>
          <key-binding alias="&quot;creationDate&quot;" key="SortBy1"/>
          <key-binding alias="2" key="SortBy1Direction"/>
          <key-binding alias="null" key="SortBy2"/>
          <key-binding alias="null" key="SortBy2Direction"/>
          <key-binding alias="null" key="SortBy3"/>
          <key-binding alias="null" key="SortBy3Direction"/>
          <key-binding alias="CurrentCustomer.profile.customerNo" key="Search1Value"/>
          <key-binding alias="null" key="Search1Key"/>
          <key-binding alias="dw.order.Order.ORDER_STATUS_REPLACED" key="Search2Value"/>
        </pipelet-node>
        <node-display x="0" y="1"/>
      </node>
      <simple-transition/>
      <node>
        <pipelet-node pipelet-name="Paging" pipelet-set-identifier="bc_api">
          <config-property key="DefaultPageSize" value="5"/>
          <key-binding alias="OrdersUnpaged" key="Objects"/>
          <key-binding alias="5" key="PageSize"/>
          <key-binding alias="OrdersUnpagedCount" key="ObjectsCount"/>
          <key-binding alias="CurrentHttpParameterMap.start.intValue" key="Start"/>
          <key-binding alias="OrderPagingModel" key="PagingModel"/>
        </pipelet-node>
        <node-display x="0" y="1"/>
      </node>
      <simple-transition/>
      <node>
        <pipelet-node pipelet-name="ClearFormElement" pipelet-set-identifier="bc_api">
          <key-binding alias="CurrentForms.orders.orderlist" key="FormElement"/>
        </pipelet-node>
        <node-display x="0" y="1"/>
      </node>
      <simple-transition/>
      <node>
        <pipelet-node pipelet-name="UpdateFormWithObject" pipelet-set-identifier="bc_api">
          <key-binding alias="CurrentForms.orders.orderlist" key="Form"/>
          <key-binding alias="OrderPagingModel.pageElements" key="Object"/>
        </pipelet-node>
        <node-display x="0" y="1"/>
      </node>
      <simple-transition/>
      <node>
        <pipelet-node pipelet-name="UpdatePageMetaData" pipelet-set-identifier="bc_api">
          <key-binding alias="null" key="DefaultKeywords"/>
          <key-binding alias="null" key="DefaultDescription"/>
          <key-binding alias="null" key="Product"/>
          <key-binding alias="null" key="Category"/>
          <key-binding alias="dw.content.ContentMgr.getContent(&quot;myaccount-orderhistory&quot;)" key="Content"/>
        </pipelet-node>
        <node-display x="0" y="1"/>
      </node>
      <transition target-connector="in1" target-path="./+1"/>
    </segment>
    <segment>
      <node>
        <join-node/>
        <node-display x="0" y="1"/>
      </node>
      <simple-transition/>
      <node>
        <interaction-continue-node secure="false" start-name="orders" transaction-required="false">
          <template buffered="true" dynamic="false" name="account/orderhistory/orders"/>
        </interaction-continue-node>
        <node-display x="0" y="1"/>
        <branch basename="b2" source-connector="show">
          <transition target-connector="in"/>
          <segment>
            <node>
              <pipelet-node pipelet-name="Assign" pipelet-set-identifier="bc_api">
                <key-binding alias="TriggeredAction.object" key="From_0"/>
                <key-binding alias="Order" key="To_0"/>
                <key-binding alias="null" key="From_1"/>
                <key-binding alias="null" key="To_1"/>
                <key-binding alias="null" key="From_2"/>
                <key-binding alias="null" key="To_2"/>
                <key-binding alias="null" key="From_3"/>
                <key-binding alias="null" key="To_3"/>
                <key-binding alias="null" key="From_4"/>
                <key-binding alias="null" key="To_4"/>
                <key-binding alias="null" key="From_5"/>
                <key-binding alias="null" key="To_5"/>
                <key-binding alias="null" key="From_6"/>
                <key-binding alias="null" key="To_6"/>
                <key-binding alias="null" key="From_7"/>
                <key-binding alias="null" key="To_7"/>
                <key-binding alias="null" key="From_8"/>
                <key-binding alias="null" key="To_8"/>
                <key-binding alias="null" key="From_9"/>
                <key-binding alias="null" key="To_9"/>
              </pipelet-node>
              <node-display x="0" y="1"/>
            </node>
            <simple-transition>
              <transition-display>
                <bend-point relative-to="source" x="0" y="1"/>
              </transition-display>
            </simple-transition>
            <node>
              <interaction-node transaction-required="false">
                <template buffered="true" dynamic="false" name="account/orderhistory/orderdetails"/>
              </interaction-node>
              <node-display x="0" y="1"/>
            </node>
          </segment>
        </branch>
      </node>
      <transition target-connector="in1" target-path=".">
        <transition-display>
          <bend-point relative-to="source" x="1" y="0"/>
          <bend-point relative-to="target" x="1" y="0"/>
        </transition-display>
      </transition>
    </segment>
  </branch>
  <branch basename="_ANONYMOUS_BRANCH_3">
    <segment>
      <node>
        <text-node>
          <description>Renders a page with details of a single order. The pipeline is intended to render the order details by the UUID of the order, therefor can also be used for unregistered customers to track the status of their orders.</description>
        </text-node>
        <node-display width="2" x="4" y="1"/>
      </node>
    </segment>
  </branch>
  <branch basename="_ANONYMOUS_BRANCH_4">
    <segment>
      <node>
        <text-node>
          <description>This pipeline is intended to find an order by its order number and the postal code of the billing address. The pipeline is used by the login page and end on a named end node &quot;ok&quot; if the order was found or ends with a named end node &quot;error&quot; to report back to the calling pipeline.</description>
        </text-node>
        <node-display width="2" x="7" y="1"/>
      </node>
    </segment>
  </branch>
  <branch basename="Track">
    <segment>
      <node>
        <start-node name="Track" secure="false"/>
        <node-display x="4" y="2"/>
      </node>
      <simple-transition/>
      <node>
        <decision-node condition-key="!empty(CurrentHttpParameterMap.orderID.stringValue)" condition-operator="expr"/>
        <node-display x="0" y="1"/>
        <branch basename="b2" source-connector="yes">
          <transition target-connector="in"/>
          <segment>
            <node>
              <pipelet-node custom-name="Determine single order by its UUID" pipelet-name="SearchSystemObject" pipelet-set-identifier="bc_api">
                <config-property key="ObjectType" value="Order"/>
                <config-property key="SearchExpression" value="UUID={1} AND status!={2}"/>
                <key-binding alias="Orders" key="SearchResult"/>
                <key-binding alias="null" key="Search3Key"/>
                <key-binding alias="null" key="Search4Key"/>
                <key-binding alias="null" key="Search4Value"/>
                <key-binding alias="null" key="Search5Key"/>
                <key-binding alias="null" key="Search5Value"/>
                <key-binding alias="null" key="SortBy2"/>
                <key-binding alias="null" key="SortBy2Direction"/>
                <key-binding alias="null" key="SortBy3"/>
                <key-binding alias="null" key="SortBy3Direction"/>
                <key-binding alias="CurrentHttpParameterMap.orderID.stringValue" key="Search1Value"/>
                <key-binding alias="null" key="Search1Key"/>
                <key-binding alias="dw.order.Order.ORDER_STATUS_REPLACED" key="Search2Value"/>
              </pipelet-node>
              <node-display x="0" y="1"/>
            </node>
            <simple-transition>
              <transition-display>
                <bend-point relative-to="source" x="0" y="1"/>
              </transition-display>
            </simple-transition>
            <node>
              <decision-node condition-key="!empty(Orders)" condition-operator="expr"/>
              <node-display x="0" y="1"/>
              <branch basename="b2" source-connector="yes">
                <transition target-connector="in"/>
                <segment>
                  <node>
                    <pipelet-node pipelet-name="Assign" pipelet-set-identifier="bc_api">
                      <key-binding alias="Orders.next()" key="From_0"/>
                      <key-binding alias="Order" key="To_0"/>
                      <key-binding alias="null" key="From_1"/>
                      <key-binding alias="null" key="To_1"/>
                      <key-binding alias="null" key="From_2"/>
                      <key-binding alias="null" key="To_2"/>
                      <key-binding alias="null" key="From_3"/>
                      <key-binding alias="null" key="To_3"/>
                      <key-binding alias="null" key="From_4"/>
                      <key-binding alias="null" key="To_4"/>
                      <key-binding alias="null" key="From_5"/>
                      <key-binding alias="null" key="To_5"/>
                      <key-binding alias="null" key="From_6"/>
                      <key-binding alias="null" key="To_6"/>
                      <key-binding alias="null" key="From_7"/>
                      <key-binding alias="null" key="To_7"/>
                      <key-binding alias="null" key="From_8"/>
                      <key-binding alias="null" key="To_8"/>
                      <key-binding alias="null" key="From_9"/>
                      <key-binding alias="null" key="To_9"/>
                    </pipelet-node>
                    <node-display x="0" y="1"/>
                  </node>
                  <transition target-connector="in1" target-path="../../+2"/>
                </segment>
              </branch>
            </node>
            <transition target-connector="in1" target-path="../+1"/>
          </segment>
        </branch>
      </node>
      <transition target-connector="in2" target-path="./+1">
        <transition-display>
          <bend-point relative-to="source" x="2" y="0"/>
        </transition-display>
      </transition>
    </segment>
    <segment>
      <node>
        <join-node/>
        <node-display x="1" y="2"/>
      </node>
      <transition target-connector="in2" target-path="./+1">
        <transition-display>
          <bend-point relative-to="target" x="2" y="0"/>
        </transition-display>
      </transition>
    </segment>
    <segment>
      <node>
        <join-node/>
        <node-display x="-1" y="2"/>
      </node>
      <simple-transition/>
      <node>
        <interaction-node transaction-required="false">
          <template buffered="true" dynamic="false" name="account/orderhistory/orderdetails"/>
        </interaction-node>
        <node-display x="0" y="1"/>
      </node>
    </segment>
  </branch>
  <branch basename="Find">
    <segment>
      <node>
        <start-node call-mode="private" name="Find" secure="false"/>
        <node-display x="7" y="2"/>
      </node>
      <simple-transition>
        <transition-display>
          <bend-point relative-to="source" x="0" y="1"/>
        </transition-display>
      </simple-transition>
      <node>
        <decision-node condition-key="!empty(CurrentForms.ordertrack.orderNumber.value) &amp;&amp; !empty(CurrentForms.ordertrack.postalCode.value)" condition-operator="expr"/>
        <node-display x="0" y="1"/>
        <branch basename="b2" source-connector="yes">
          <transition target-connector="in"/>
          <segment>
            <node>
              <pipelet-node custom-name="Determine single order by its order number" pipelet-name="SearchSystemObject" pipelet-set-identifier="bc_api">
                <config-property key="ObjectType" value="Order"/>
                <config-property key="SearchExpression" value="orderNo={1} AND status!={2}"/>
                <key-binding alias="Orders" key="SearchResult"/>
                <key-binding alias="null" key="Search4Key"/>
                <key-binding alias="null" key="Search4Value"/>
                <key-binding alias="null" key="Search5Key"/>
                <key-binding alias="null" key="Search5Value"/>
                <key-binding alias="null" key="SortBy2"/>
                <key-binding alias="null" key="SortBy2Direction"/>
                <key-binding alias="null" key="SortBy3"/>
                <key-binding alias="null" key="SortBy3Direction"/>
                <key-binding alias="CurrentForms.ordertrack.orderNumber.value" key="Search1Value"/>
                <key-binding alias="null" key="Search1Key"/>
                <key-binding alias="dw.order.Order.ORDER_STATUS_REPLACED" key="Search2Value"/>
              </pipelet-node>
              <node-display x="0" y="1"/>
            </node>
            <simple-transition>
              <transition-display>
                <bend-point relative-to="source" x="0" y="1"/>
              </transition-display>
            </simple-transition>
            <node>
              <decision-node condition-key="!empty(Orders)" condition-operator="expr"/>
              <node-display x="0" y="1"/>
              <branch basename="b2" source-connector="yes">
                <transition target-connector="in"/>
                <segment>
                  <node>
                    <pipelet-node pipelet-name="Assign" pipelet-set-identifier="bc_api">
                      <key-binding alias="Orders.next()" key="From_0"/>
                      <key-binding alias="FoundOrder" key="To_0"/>
                      <key-binding alias="null" key="From_1"/>
                      <key-binding alias="null" key="To_1"/>
                      <key-binding alias="null" key="From_2"/>
                      <key-binding alias="null" key="To_2"/>
                      <key-binding alias="null" key="From_3"/>
                      <key-binding alias="null" key="To_3"/>
                      <key-binding alias="null" key="From_4"/>
                      <key-binding alias="null" key="To_4"/>
                      <key-binding alias="null" key="From_5"/>
                      <key-binding alias="null" key="To_5"/>
                      <key-binding alias="null" key="From_6"/>
                      <key-binding alias="null" key="To_6"/>
                      <key-binding alias="null" key="From_7"/>
                      <key-binding alias="null" key="To_7"/>
                      <key-binding alias="null" key="From_8"/>
                      <key-binding alias="null" key="To_8"/>
                      <key-binding alias="null" key="From_9"/>
                      <key-binding alias="null" key="To_9"/>
                    </pipelet-node>
                    <node-display x="0" y="1"/>
                  </node>
                  <simple-transition/>
                  <node>
                    <decision-node condition-key="FoundOrder.billingAddress.postalCode.toUpperCase().equals(CurrentForms.ordertrack.postalCode.value.toUpperCase())" condition-operator="expr"/>
                    <node-display x="0" y="1"/>
                    <branch basename="b2" source-connector="yes">
                      <transition target-connector="in"/>
                      <segment>
                        <node>
                          <pipelet-node pipelet-name="Assign" pipelet-set-identifier="bc_api">
                            <key-binding alias="FoundOrder" key="From_0"/>
                            <key-binding alias="Order" key="To_0"/>
                            <key-binding alias="null" key="From_1"/>
                            <key-binding alias="null" key="To_1"/>
                            <key-binding alias="null" key="From_2"/>
                            <key-binding alias="null" key="To_2"/>
                            <key-binding alias="null" key="From_3"/>
                            <key-binding alias="null" key="To_3"/>
                            <key-binding alias="null" key="From_4"/>
                            <key-binding alias="null" key="To_4"/>
                            <key-binding alias="null" key="From_5"/>
                            <key-binding alias="null" key="To_5"/>
                            <key-binding alias="null" key="From_6"/>
                            <key-binding alias="null" key="To_6"/>
                            <key-binding alias="null" key="From_7"/>
                            <key-binding alias="null" key="To_7"/>
                            <key-binding alias="null" key="From_8"/>
                            <key-binding alias="null" key="To_8"/>
                            <key-binding alias="null" key="From_9"/>
                            <key-binding alias="null" key="To_9"/>
                          </pipelet-node>
                          <node-display x="0" y="1"/>
                        </node>
                        <simple-transition/>
                        <node>
                          <end-node name="ok"/>
                          <node-display x="0" y="1"/>
                        </node>
                      </segment>
                    </branch>
                  </node>
                  <transition target-connector="in2" target-path="../../+2"/>
                </segment>
              </branch>
            </node>
            <transition target-connector="in1" target-path="../+1"/>
          </segment>
        </branch>
      </node>
      <transition target-connector="in2" target-path="./+1">
        <transition-display>
          <bend-point relative-to="source" x="2" y="0"/>
        </transition-display>
      </transition>
    </segment>
    <segment>
      <node>
        <join-node/>
        <node-display x="1" y="2"/>
      </node>
      <transition target-connector="in1" target-path="./+1"/>
    </segment>
    <segment>
      <node>
        <join-node/>
        <node-display x="0" y="2"/>
      </node>
      <simple-transition/>
      <node>
        <end-node name="error"/>
        <node-display x="0" y="2"/>
      </node>
    </segment>
  </branch>
</pipeline>
