<?xml version="1.0" encoding="UTF-8" ?>
<?demandware-pipeline version="2.0"?>

<pipeline group="Catalog">
  <description>Handles PowerReview Request (Product Reviews)</description>
  <branch basename="_ANONYMOUS_BRANCH_1">
    <segment>
      <node>
        <text-node>
          <description>Renders product XML description based on the given ID.
Input:
pid (required) - product ID</description>
        </text-node>
        <node-display x="1" y="1"/>
      </node>
    </segment>
  </branch>
  <branch basename="XmlProductDescription">
    <segment>
      <node>
        <start-node name="XmlProductDescription" secure="false"/>
        <node-display x="1" y="2"/>
      </node>
      <simple-transition>
        <transition-display>
          <bend-point relative-to="source" x="0" y="1"/>
        </transition-display>
      </simple-transition>
      <node>
        <pipelet-node pipelet-name="GetProduct" pipelet-set-identifier="bc_api">
          <key-binding alias="CurrentHttpParameterMap.pid.stringValue" key="ProductID"/>
          <key-binding alias="Product" key="Product"/>
        </pipelet-node>
        <node-display x="0" y="1"/>
        <branch basename="b2" source-connector="error">
          <transition target-connector="in">
            <transition-display>
              <bend-point relative-to="source" x="2" y="0"/>
              <bend-point relative-to="target" x="0" y="-1"/>
            </transition-display>
          </transition>
          <segment>
            <node>
              <interaction-node transaction-required="false">
                <template buffered="true" dynamic="false" name="error/notfound"/>
              </interaction-node>
              <node-display x="1" y="1"/>
            </node>
          </segment>
        </branch>
      </node>
      <simple-transition>
        <transition-display>
          <bend-point relative-to="source" x="0" y="1"/>
        </transition-display>
      </simple-transition>
      <node>
        <interaction-node transaction-required="false">
          <template buffered="true" dynamic="false" name="product/components/powerreviews-xmlproduct"/>
        </interaction-node>
        <node-display x="0" y="1"/>
      </node>
    </segment>
  </branch>
  <branch basename="_ANONYMOUS_BRANCH_3">
    <segment>
      <node>
        <text-node>
          <description>Renders a form to create a product review.</description>
        </text-node>
        <node-display x="4" y="1"/>
      </node>
    </segment>
  </branch>
  <branch basename="_ANONYMOUS_BRANCH_4">
    <segment>
      <node>
        <text-node>
          <description>Contains the login procedure specific for writing a product review.</description>
        </text-node>
        <node-display x="7" y="1"/>
      </node>
    </segment>
  </branch>
  <branch basename="WriteReview">
    <segment>
      <node>
        <start-node name="WriteReview" secure="false"/>
        <node-display x="4" y="2"/>
      </node>
      <simple-transition/>
      <node>
        <pipelet-node pipelet-name="Assign" pipelet-set-identifier="bc_api">
          <config-property key="Transactional" value="false"/>
          <key-binding alias="empty(ProductID) ? CurrentHttpParameterMap.pid.stringValue : ProductID" key="From_0"/>
          <key-binding alias="ProductID" key="To_0"/>
          <key-binding alias="&quot;PowerReviews-WriteReview&quot;" key="From_1"/>
          <key-binding alias="TargetPipeline" key="To_1"/>
          <key-binding alias="RedirectParams" key="From_2"/>
          <key-binding alias="TargetPipelineParams" key="To_2"/>
          <key-binding alias="null" key="From_3"/>
          <key-binding alias="null" key="To_3"/>
          <key-binding alias="null" key="From_4"/>
          <key-binding alias="null" key="To_4"/>
          <key-binding alias="null" key="From_5"/>
          <key-binding alias="null" key="To_5"/>
          <key-binding alias="null" key="From_6"/>
          <key-binding alias="null" key="To_6"/>
          <key-binding alias="null" key="From_7"/>
          <key-binding alias="null" key="To_7"/>
          <key-binding alias="null" key="From_8"/>
          <key-binding alias="null" key="To_8"/>
          <key-binding alias="null" key="From_9"/>
          <key-binding alias="null" key="To_9"/>
        </pipelet-node>
        <node-display x="0" y="2"/>
      </node>
      <simple-transition>
        <transition-display>
          <bend-point relative-to="source" x="0" y="1"/>
        </transition-display>
      </simple-transition>
      <node>
        <decision-node condition-key="CurrentHttpParameterMap.pid.stringValue" condition-operator="expr"/>
        <node-display x="0" y="1"/>
        <branch basename="b2" source-connector="yes">
          <transition target-connector="in">
            <transition-display>
              <bend-point relative-to="source" x="0" y="1"/>
            </transition-display>
          </transition>
          <segment>
            <node>
              <pipelet-node pipelet-name="GetProduct" pipelet-set-identifier="bc_api">
                <key-binding alias="ProductID" key="ProductID"/>
                <key-binding alias="Product" key="Product"/>
              </pipelet-node>
              <node-display x="0" y="1"/>
              <branch basename="b2" source-connector="error">
                <transition target-connector="in1" target-path="../+2"/>
              </branch>
            </node>
            <simple-transition>
              <transition-display>
                <bend-point relative-to="source" x="0" y="1"/>
              </transition-display>
            </simple-transition>
            <node>
              <call-node start-name-ref="PowerReviews-RequireLogin"/>
              <node-display x="0" y="1"/>
            </node>
            <simple-transition/>
            <node>
              <pipelet-node pipelet-name="Script" pipelet-set-identifier="bc_api">
                <config-property key="Transactional" value="false"/>
                <config-property key="OnError" value="PIPELET_ERROR"/>
                <config-property key="ScriptFile" value="common/FindLastClickStream.ds"/>
                <key-binding alias="null" key="ScriptLog"/>
                <key-binding alias="Location" key="lastMatchedClickUrl"/>
                <key-binding alias="&quot;Product-Show&quot;" key="pipelineName"/>
              </pipelet-node>
              <node-display x="0" y="1"/>
            </node>
            <simple-transition/>
            <node>
              <interaction-node transaction-required="false">
                <template buffered="true" dynamic="false" name="product/writereview"/>
              </interaction-node>
              <node-display x="0" y="1"/>
            </node>
          </segment>
        </branch>
      </node>
      <transition target-connector="in1" target-path="./+1"/>
    </segment>
    <segment>
      <node>
        <join-node/>
        <node-display x="1" y="0"/>
      </node>
      <transition target-connector="in1" target-path="./+1"/>
    </segment>
    <segment>
      <node>
        <join-node/>
        <node-display x="0" y="1"/>
      </node>
      <simple-transition>
        <transition-display>
          <bend-point relative-to="source" x="0" y="1"/>
        </transition-display>
      </simple-transition>
      <node>
        <interaction-node transaction-required="false">
          <template buffered="true" dynamic="false" name="error/notfound"/>
        </interaction-node>
        <node-display x="0" y="1"/>
      </node>
    </segment>
  </branch>
  <branch basename="RequireLogin">
    <segment>
      <node>
        <start-node call-mode="private" name="RequireLogin" secure="false"/>
        <node-display x="7" y="2"/>
      </node>
      <simple-transition>
        <transition-display>
          <bend-point relative-to="source" x="0" y="1"/>
          <bend-point relative-to="target" x="-1" y="0"/>
        </transition-display>
      </simple-transition>
      <node>
        <decision-node condition-key="CurrentCustomer.authenticated" condition-operator="expr"/>
        <node-display orientation="horizontal" x="0" y="1"/>
        <branch basename="b2" source-connector="yes">
          <transition target-connector="in">
            <transition-display>
              <bend-point relative-to="source" x="1" y="0"/>
            </transition-display>
          </transition>
          <segment>
            <node>
              <end-node/>
              <node-display orientation="horizontal" x="1" y="0"/>
            </node>
          </segment>
        </branch>
      </node>
      <simple-transition>
        <transition-display>
          <bend-point relative-to="source" x="0" y="1"/>
        </transition-display>
      </simple-transition>
      <node>
        <pipelet-node pipelet-name="ClearFormElement" pipelet-set-identifier="bc_api">
          <key-binding alias="CurrentForms.login" key="FormElement"/>
        </pipelet-node>
        <node-display x="0" y="1"/>
      </node>
      <simple-transition/>
      <node>
        <pipelet-node pipelet-name="UpdatePageMetaData" pipelet-set-identifier="bc_api">
          <key-binding alias="null" key="DefaultKeywords"/>
          <key-binding alias="null" key="DefaultDescription"/>
          <key-binding alias="null" key="Product"/>
          <key-binding alias="null" key="Category"/>
          <key-binding alias="dw.content.ContentMgr.getContent(&quot;myaccount-login&quot;)" key="Content"/>
        </pipelet-node>
        <node-display x="0" y="1"/>
      </node>
      <simple-transition/>
      <node>
        <pipelet-node pipelet-name="Assign" pipelet-set-identifier="bc_api">
          <config-property key="Transactional" value="false"/>
          <key-binding alias="null" key="From_0"/>
          <key-binding alias="null" key="To_0"/>
          <key-binding alias="false" key="From_1"/>
          <key-binding alias="RegistrationStatus" key="To_1"/>
          <key-binding alias="null" key="From_2"/>
          <key-binding alias="null" key="To_2"/>
          <key-binding alias="null" key="From_3"/>
          <key-binding alias="null" key="To_3"/>
          <key-binding alias="null" key="From_4"/>
          <key-binding alias="null" key="To_4"/>
          <key-binding alias="null" key="From_5"/>
          <key-binding alias="null" key="To_5"/>
          <key-binding alias="null" key="From_6"/>
          <key-binding alias="null" key="To_6"/>
          <key-binding alias="null" key="From_7"/>
          <key-binding alias="null" key="To_7"/>
          <key-binding alias="null" key="From_8"/>
          <key-binding alias="null" key="To_8"/>
          <key-binding alias="null" key="From_9"/>
          <key-binding alias="null" key="To_9"/>
        </pipelet-node>
        <node-display x="0" y="1"/>
      </node>
      <transition target-connector="in1" target-path="./+1"/>
    </segment>
    <segment>
      <node>
        <join-node/>
        <node-display x="0" y="1"/>
      </node>
      <simple-transition>
        <transition-display>
          <bend-point relative-to="source" x="0" y="1"/>
        </transition-display>
      </simple-transition>
      <node>
        <interaction-continue-node secure="true" start-name="pwrlanding" transaction-required="false">
          <template buffered="true" dynamic="false" name="account/login/accountlogin"/>
        </interaction-continue-node>
        <node-display x="0" y="1"/>
        <branch basename="b2" source-connector="login">
          <transition target-connector="in"/>
          <segment>
            <node>
              <call-node start-name-ref="Login-Process"/>
              <node-display x="0" y="2"/>
              <branch basename="b2" source-connector="login_failed">
                <transition target-connector="in1">
                  <transition-display>
                    <bend-point relative-to="target" x="-1" y="0"/>
                  </transition-display>
                </transition>
                <segment>
                  <node>
                    <join-node/>
                    <node-display x="1" y="1"/>
                  </node>
                  <transition target-connector="in3" target-path="../.."/>
                </segment>
              </branch>
              <branch basename="b3" source-connector="login_succeeded">
                <transition target-connector="in">
                  <transition-display>
                    <bend-point relative-to="target" x="0" y="-1"/>
                  </transition-display>
                </transition>
                <segment>
                  <node>
                    <end-node/>
                    <node-display x="0" y="2"/>
                  </node>
                </segment>
              </branch>
            </node>
          </segment>
        </branch>
        <branch basename="b3" source-connector="register">
          <transition target-connector="in"/>
          <segment>
            <node>
              <call-node start-name-ref="Account-Register"/>
              <node-display x="-1" y="2"/>
              <branch basename="b2" source-connector="ok">
                <transition target-connector="in">
                  <transition-display>
                    <bend-point relative-to="source" x="0" y="1"/>
                  </transition-display>
                </transition>
                <segment>
                  <node>
                    <end-node/>
                    <node-display x="0" y="1"/>
                  </node>
                </segment>
              </branch>
            </node>
          </segment>
        </branch>
      </node>
    </segment>
  </branch>
</pipeline>
