<?xml version="1.0" encoding="UTF-8" ?>
<?demandware-pipeline version="2.0"?>

<pipeline group="Catalog">
  <branch basename="_ANONYMOUS_BRANCH_1">
    <segment>
      <node>
        <text-node>
          <description>Renders a full product detail page. If the http parameter &quot;format&quot; is set to &quot;json&quot; the product details are rendered as JSON response.</description>
        </text-node>
        <node-display width="2" x="1" y="1"/>
      </node>
    </segment>
  </branch>
  <branch basename="Show">
    <segment>
      <node>
        <start-node name="Show" secure="false"/>
        <node-display x="1" y="2"/>
      </node>
      <simple-transition/>
      <node>
        <call-node start-name-ref="Product-GetProduct"/>
        <node-display x="0" y="1"/>
      </node>
      <simple-transition/>
      <node>
        <pipelet-node pipelet-name="UpdatePageMetaData" pipelet-set-identifier="bc_api">
          <key-binding alias="null" key="Category"/>
          <key-binding alias="null" key="Content"/>
          <key-binding alias="null" key="Folder"/>
          <key-binding alias="Product.shortDescription != null ? Product.shortDescription.getMarkup() : &quot;&quot;" key="DefaultDescription"/>
          <key-binding alias="Product.name" key="DefaultKeywords"/>
          <key-binding alias="Product.name + &quot; - &quot; + dw.system.Site.getCurrent().name" key="DefaultTitle"/>
          <key-binding alias="Product" key="Product"/>
        </pipelet-node>
        <node-display x="0" y="1"/>
      </node>
      <simple-transition/>
      <node>
        <decision-node condition-key="Product.template == null" condition-operator="expr"/>
        <node-display x="0" y="1"/>
        <branch basename="b2" source-connector="yes">
          <transition target-connector="in"/>
          <segment>
            <node>
              <decision-node condition-key="Product.master" condition-operator="expr"/>
              <node-display x="0" y="1"/>
              <branch basename="b2" source-connector="yes">
                <transition target-connector="in"/>
                <segment>
                  <node>
                    <pipelet-node pipelet-name="Script" pipelet-set-identifier="bc_api">
                      <config-property key="Transactional" value="false"/>
                      <config-property key="OnError" value="PIPELET_ERROR"/>
                      <config-property key="ScriptFile" value="product/GetDefaultVariant.ds"/>
                      <key-binding alias="ScriptLog" key="ScriptLog"/>
                      <key-binding alias="CurrentHttpParameterMap.get(&quot;dwvar_&quot;+Product.ID+&quot;_color&quot;).value" key="colorId"/>
                      <key-binding alias="Product" key="Prod"/>
                      <key-binding alias="DefaultVariant" key="newProduct"/>
                      <key-binding alias="Product.variationModel" key="PVM"/>
                      <key-binding alias="CurrentVariationModel" key="CurrentVariationModel"/>
                    </pipelet-node>
                    <node-display x="0" y="1"/>
                    <branch basename="b2" source-connector="error">
                      <transition target-connector="in2" target-path="../+3"/>
                    </branch>
                  </node>
                  <transition target-connector="in1" target-path="../+3"/>
                </segment>
              </branch>
            </node>
            <transition target-connector="in1" target-path="./+1"/>
          </segment>
          <segment>
            <node>
              <join-node/>
              <node-display x="1" y="0"/>
            </node>
            <transition target-connector="in1" target-path="./+1"/>
          </segment>
          <segment>
            <node>
              <join-node/>
              <node-display x="0" y="2"/>
            </node>
            <transition target-connector="in1" target-path="./+1"/>
          </segment>
          <segment>
            <node>
              <join-node/>
              <node-display x="-1" y="0"/>
            </node>
            <simple-transition>
              <transition-display>
                <bend-point relative-to="source" x="0" y="1"/>
              </transition-display>
            </simple-transition>
            <node>
              <interaction-node transaction-required="false">
                <template buffered="true" dynamic="false" name="product/product"/>
              </interaction-node>
              <node-display x="0" y="1"/>
            </node>
          </segment>
        </branch>
      </node>
      <simple-transition>
        <transition-display>
          <bend-point relative-to="source" x="1" y="0"/>
        </transition-display>
      </simple-transition>
      <node>
        <interaction-node transaction-required="false">
          <template buffered="true" dynamic="true" name="Product.template"/>
        </interaction-node>
        <node-display orientation="horizontal" x="1" y="0"/>
      </node>
    </segment>
  </branch>
  <branch basename="_ANONYMOUS_BRANCH_3">
    <segment>
      <node>
        <text-node>
          <description>Determines a product based on the given ID.</description>
        </text-node>
        <node-display x="4" y="1"/>
      </node>
    </segment>
  </branch>
  <branch basename="_ANONYMOUS_BRANCH_4">
    <segment>
      <node>
        <text-node>
          <description>Renders a full product detail page. If the http parameter &quot;format&quot; is set to &quot;json&quot; the product details are rendered as JSON response.</description>
        </text-node>
        <node-display width="2" x="7" y="1"/>
      </node>
    </segment>
  </branch>
  <branch basename="GetProduct">
    <segment>
      <node>
        <start-node call-mode="private" name="GetProduct" secure="false"/>
        <node-display x="4" y="2"/>
      </node>
      <simple-transition>
        <transition-display>
          <bend-point relative-to="source" x="0" y="1"/>
        </transition-display>
      </simple-transition>
      <node>
        <decision-node condition-key="CurrentHttpParameterMap.pid.stringValue" condition-operator="expr"/>
        <node-display x="0" y="1"/>
        <branch basename="b2" source-connector="yes">
          <transition target-connector="in"/>
          <segment>
            <node>
              <pipelet-node pipelet-name="GetProduct" pipelet-set-identifier="bc_api">
                <key-binding alias="CurrentHttpParameterMap.pid.stringValue" key="ProductID"/>
                <key-binding alias="Product" key="Product"/>
              </pipelet-node>
              <node-display x="0" y="1"/>
              <branch basename="b2" source-connector="error">
                <transition target-connector="in1" target-path="../+1"/>
              </branch>
            </node>
            <simple-transition/>
            <node>
              <decision-node condition-key="Product.productSet" condition-operator="expr"/>
              <node-display x="0" y="1"/>
              <branch basename="b3" source-connector="yes">
                <transition target-connector="in"/>
                <segment>
                  <node>
                    <call-node start-name-ref="Product-HandleOfflineSetProducts"/>
                    <node-display x="0" y="1"/>
                    <branch basename="b2" source-connector="online">
                      <transition target-connector="in1" target-path="../+2"/>
                    </branch>
                  </node>
                  <transition target-connector="in1" target-path="../../+2"/>
                </segment>
              </branch>
            </node>
            <transition target-connector="in1" target-path="./+1">
              <transition-display>
                <bend-point relative-to="source" x="4" y="0"/>
              </transition-display>
            </transition>
          </segment>
          <segment>
            <node>
              <join-node/>
              <node-display x="2" y="2"/>
            </node>
            <transition target-connector="in3" target-path="./+1"/>
          </segment>
          <segment>
            <node>
              <join-node/>
              <node-display x="-2" y="0"/>
            </node>
            <simple-transition/>
            <node>
              <pipelet-node pipelet-name="UpdateProductVariationSelections" pipelet-set-identifier="bc_api">
                <key-binding alias="CurrentVariationModel" key="ProductVariationModel"/>
                <key-binding alias="null" key="CustomFormPrefix"/>
                <key-binding alias="Product" key="Product"/>
                <key-binding alias="Product" key="SelectedProduct"/>
                <key-binding alias="ProductVariationModels" key="ProductVariationModels"/>
              </pipelet-node>
              <node-display x="0" y="1"/>
            </node>
            <simple-transition/>
            <node>
              <pipelet-node pipelet-name="UpdateProductOptionSelections" pipelet-set-identifier="bc_api">
                <key-binding alias="Product" key="Product"/>
                <key-binding alias="CurrentOptionModel" key="ProductOptionModel"/>
                <key-binding alias="null" key="CustomFormPrefix"/>
                <key-binding alias="ProductOptionModels" key="ProductOptionModels"/>
              </pipelet-node>
              <node-display x="0" y="1"/>
            </node>
            <simple-transition>
              <transition-display>
                <bend-point relative-to="source" x="0" y="1"/>
              </transition-display>
            </simple-transition>
            <node>
              <end-node name="ok"/>
              <node-display x="0" y="1"/>
            </node>
          </segment>
        </branch>
      </node>
      <transition target-connector="in1" target-path="./+1">
        <transition-display>
          <bend-point relative-to="source" x="2" y="0"/>
        </transition-display>
      </transition>
    </segment>
    <segment>
      <node>
        <join-node/>
        <node-display x="1" y="1"/>
      </node>
      <transition target-connector="in1" target-path="./+1"/>
    </segment>
    <segment>
      <node>
        <join-node/>
        <node-display x="0" y="2"/>
      </node>
      <simple-transition>
        <transition-display>
          <bend-point relative-to="target" x="0" y="-1"/>
        </transition-display>
      </simple-transition>
      <node>
        <interaction-node transaction-required="false">
          <template buffered="true" dynamic="false" name="error/notfound"/>
        </interaction-node>
        <node-display x="0" y="4"/>
      </node>
    </segment>
  </branch>
  <branch basename="Detail">
    <segment>
      <node>
        <start-node name="Detail" secure="false"/>
        <node-display x="7" y="2"/>
      </node>
      <simple-transition/>
      <node>
        <call-node start-name-ref="Product-GetProduct"/>
        <node-display x="0" y="1"/>
      </node>
      <simple-transition/>
      <node>
        <decision-node condition-key="Product.template == null" condition-operator="expr"/>
        <node-display x="0" y="1"/>
        <branch basename="b2" source-connector="yes">
          <transition target-connector="in">
            <transition-display>
              <bend-point relative-to="source" x="0" y="1"/>
            </transition-display>
          </transition>
          <segment>
            <node>
              <interaction-node transaction-required="false">
                <template buffered="true" dynamic="false" name="product/productdetail"/>
              </interaction-node>
              <node-display x="0" y="1"/>
            </node>
          </segment>
        </branch>
      </node>
      <simple-transition>
        <transition-display>
          <bend-point relative-to="source" x="1" y="0"/>
        </transition-display>
      </simple-transition>
      <node>
        <interaction-node transaction-required="false">
          <template buffered="true" dynamic="true" name="Product.template"/>
        </interaction-node>
        <node-display orientation="horizontal" x="1" y="0"/>
      </node>
    </segment>
  </branch>
  <branch basename="_ANONYMOUS_BRANCH_7">
    <segment>
      <node>
        <text-node>
          <description>Returns product variants data as a JSON. Called via product.js (loadVariation).
Input:
pid (required) - product ID</description>
        </text-node>
        <node-display width="2" x="10" y="1"/>
      </node>
    </segment>
  </branch>
  <branch basename="GetVariants">
    <segment>
      <node>
        <start-node name="GetVariants" secure="false"/>
        <node-display x="10" y="2"/>
      </node>
      <simple-transition/>
      <node>
        <call-node start-name-ref="Product-GetProduct"/>
        <node-display x="0" y="1"/>
      </node>
      <simple-transition>
        <transition-display>
          <bend-point relative-to="source" x="0" y="1"/>
        </transition-display>
      </simple-transition>
      <node>
        <interaction-node transaction-required="false">
          <template buffered="true" dynamic="false" name="product/components/variationsjson"/>
        </interaction-node>
        <node-display x="0" y="1"/>
      </node>
    </segment>
  </branch>
  <branch basename="_ANONYMOUS_BRANCH_9">
    <segment>
      <node>
        <text-node>
          <description>Returns product availability data as a JSON object. Called via product.js (reloadAvailability).
Input:
pid (required) - product ID
quantity (required) - the quantity to use for determining avalability</description>
        </text-node>
        <node-display width="2" x="14" y="1"/>
      </node>
    </segment>
  </branch>
  <branch basename="GetAvailability">
    <segment>
      <node>
        <start-node name="GetAvailability" secure="false"/>
        <node-display x="14" y="2"/>
      </node>
      <simple-transition>
        <transition-display>
          <bend-point relative-to="source" x="0" y="1"/>
        </transition-display>
      </simple-transition>
      <node>
        <call-node start-name-ref="Product-GetProduct"/>
        <node-display x="0" y="1"/>
      </node>
      <simple-transition>
        <transition-display>
          <bend-point relative-to="source" x="0" y="1"/>
        </transition-display>
      </simple-transition>
      <node>
        <interaction-node transaction-required="false">
          <template buffered="true" dynamic="false" name="product/components/availabilityjson"/>
        </interaction-node>
        <node-display x="0" y="1"/>
      </node>
    </segment>
  </branch>
  <branch basename="HitTile">
    <segment>
      <node>
        <start-node name="HitTile" secure="false"/>
        <node-display x="17" y="1"/>
      </node>
      <simple-transition/>
      <node>
        <call-node start-name-ref="Product-GetProduct"/>
        <node-display x="0" y="1"/>
      </node>
      <simple-transition/>
      <node>
        <decision-node condition-key="CurrentHttpParameterMap.vpid.stringValue" condition-operator="expr"/>
        <node-display x="0" y="1"/>
        <branch basename="b2" source-connector="yes">
          <transition target-connector="in"/>
          <segment>
            <node>
              <pipelet-node pipelet-name="GetProduct" pipelet-set-identifier="bc_api">
                <key-binding alias="CurrentHttpParameterMap.vpid.stringValue" key="ProductID"/>
                <key-binding alias="FirstProduct" key="Product"/>
              </pipelet-node>
              <node-display x="0" y="1"/>
              <branch basename="b2" source-connector="error">
                <transition target-connector="in1" target-path="../+1">
                  <transition-display>
                    <bend-point relative-to="source" x="1" y="0"/>
                    <bend-point relative-to="target" x="1" y="0"/>
                  </transition-display>
                </transition>
              </branch>
            </node>
            <transition target-connector="in1" target-path="../+1"/>
          </segment>
        </branch>
      </node>
      <transition target-connector="in1" target-path="./+1">
        <transition-display>
          <bend-point relative-to="source" x="1" y="0"/>
          <bend-point relative-to="target" x="1" y="0"/>
        </transition-display>
      </transition>
    </segment>
    <segment>
      <node>
        <join-node/>
        <node-display x="0" y="2"/>
      </node>
      <simple-transition/>
      <node>
        <interaction-node transaction-required="false">
          <template buffered="true" dynamic="false" name="product/productsearchhittile"/>
        </interaction-node>
        <node-display x="0" y="1"/>
      </node>
    </segment>
  </branch>
  <branch basename="_ANONYMOUS_BRANCH_12">
    <segment>
      <node>
        <text-node>
          <description>Determine if at least there is 1 online SetProduct in case it is s Product Set. if all of the Set Products are offline then we return not found view.</description>
        </text-node>
        <node-display height="2" x="3" y="5"/>
      </node>
    </segment>
  </branch>
  <branch basename="HandleOfflineSetProducts">
    <segment>
      <node>
        <start-node call-mode="private" name="HandleOfflineSetProducts" secure="false"/>
        <node-display x="10" y="5"/>
      </node>
      <simple-transition/>
      <node>
        <pipelet-node pipelet-name="Assign" pipelet-set-identifier="bc_api">
          <config-property key="Transactional" value="false"/>
          <key-binding alias="false" key="From_0"/>
          <key-binding alias="Online" key="To_0"/>
          <key-binding alias="null" key="From_1"/>
          <key-binding alias="null" key="To_1"/>
          <key-binding alias="null" key="From_2"/>
          <key-binding alias="null" key="To_2"/>
          <key-binding alias="null" key="From_3"/>
          <key-binding alias="null" key="To_3"/>
          <key-binding alias="null" key="From_4"/>
          <key-binding alias="null" key="To_4"/>
          <key-binding alias="null" key="From_5"/>
          <key-binding alias="null" key="To_5"/>
          <key-binding alias="null" key="From_6"/>
          <key-binding alias="null" key="To_6"/>
          <key-binding alias="null" key="From_7"/>
          <key-binding alias="null" key="To_7"/>
          <key-binding alias="null" key="From_8"/>
          <key-binding alias="null" key="To_8"/>
          <key-binding alias="null" key="From_9"/>
          <key-binding alias="null" key="To_9"/>
        </pipelet-node>
        <node-display x="0" y="1"/>
      </node>
      <transition target-connector="in" target-path="./+1"/>
    </segment>
    <segment>
      <node>
        <loop-node element-key="SetProduct" iterator-key="Product.getProductSetProducts()"/>
        <node-display x="0" y="1"/>
        <branch basename="b2" source-connector="do">
          <transition target-connector="in"/>
          <segment>
            <node>
              <pipelet-node pipelet-name="Assign" pipelet-set-identifier="bc_api">
                <config-property key="Transactional" value="false"/>
                <key-binding alias="SetProduct.online" key="From_0"/>
                <key-binding alias="Online" key="To_0"/>
                <key-binding alias="null" key="From_1"/>
                <key-binding alias="null" key="To_1"/>
                <key-binding alias="null" key="From_2"/>
                <key-binding alias="null" key="To_2"/>
                <key-binding alias="null" key="From_3"/>
                <key-binding alias="null" key="To_3"/>
                <key-binding alias="null" key="From_4"/>
                <key-binding alias="null" key="To_4"/>
                <key-binding alias="null" key="From_5"/>
                <key-binding alias="null" key="To_5"/>
                <key-binding alias="null" key="From_6"/>
                <key-binding alias="null" key="To_6"/>
                <key-binding alias="null" key="From_7"/>
                <key-binding alias="null" key="To_7"/>
                <key-binding alias="null" key="From_8"/>
                <key-binding alias="null" key="To_8"/>
                <key-binding alias="null" key="From_9"/>
                <key-binding alias="null" key="To_9"/>
              </pipelet-node>
              <node-display x="0" y="1"/>
            </node>
            <simple-transition>
              <transition-display>
                <bend-point relative-to="source" x="0" y="1"/>
              </transition-display>
            </simple-transition>
            <node>
              <decision-node condition-key="Online" condition-operator="expr"/>
              <node-display orientation="horizontal" x="0" y="1"/>
              <branch basename="b2" source-connector="yes">
                <transition target-connector="in">
                  <transition-display>
                    <bend-point relative-to="source" x="1" y="0"/>
                  </transition-display>
                </transition>
                <segment>
                  <node>
                    <end-node name="online"/>
                    <node-display orientation="horizontal" x="1" y="0"/>
                  </node>
                </segment>
              </branch>
            </node>
            <transition target-connector="loop" target-path="..">
              <transition-display>
                <bend-point relative-to="source" x="0" y="1"/>
                <bend-point relative-to="source" x="-1" y="1"/>
                <bend-point relative-to="target" x="-1" y="0"/>
              </transition-display>
            </transition>
          </segment>
        </branch>
      </node>
      <simple-transition>
        <transition-display>
          <bend-point relative-to="source" x="2" y="0"/>
          <bend-point relative-to="target" x="0" y="-1"/>
        </transition-display>
      </simple-transition>
      <node>
        <end-node/>
        <node-display x="1" y="1"/>
      </node>
    </segment>
  </branch>
  <branch basename="_ANONYMOUS_BRANCH_14">
    <segment>
      <node>
        <text-node>
          <description>Returns true if at least one SetProduct is online otherwise false i.e. when all SetProducts are offline.
Expects Product instance</description>
        </text-node>
        <node-display height="2" x="12" y="4"/>
      </node>
    </segment>
  </branch>
  <branch basename="Productnav">
    <segment>
      <node>
        <start-node name="Productnav" secure="false"/>
        <node-display x="7" y="8"/>
      </node>
      <simple-transition/>
      <node>
        <call-node start-name-ref="Product-GetProduct"/>
        <node-display x="0" y="1"/>
      </node>
      <simple-transition/>
      <node>
        <pipelet-node pipelet-name="Search" pipelet-set-identifier="bc_api">
          <config-property key="SearchContent" value="true"/>
          <config-property key="SearchProduct" value="true"/>
          <config-property key="DisallowOfflineCategory" value="true"/>
          <config-property key="RecursiveCategorySearch" value="true"/>
          <config-property key="RecursiveFolderSearch" value="true"/>
          <key-binding alias="CurrentHttpParameterMap.q.value" key="SearchPhrase"/>
          <key-binding alias="CurrentHttpParameterMap.psortb1.value" key="SortBy1"/>
          <key-binding alias="CurrentHttpParameterMap.psortd1.intValue" key="SortBy1Direction"/>
          <key-binding alias="CurrentHttpParameterMap.psortb2.value" key="SortBy2"/>
          <key-binding alias="CurrentHttpParameterMap.psortd2.intValue" key="SortBy2Direction"/>
          <key-binding alias="CurrentHttpParameterMap.psortb3.value" key="SortBy3"/>
          <key-binding alias="CurrentHttpParameterMap.psortd3.intValue" key="SortBy3Direction"/>
          <key-binding alias="CurrentHttpParameterMap.pmin.doubleValue" key="PriceMin"/>
          <key-binding alias="CurrentHttpParameterMap.pmax.doubleValue" key="PriceMax"/>
          <key-binding alias="null" key="RefineBy5Name"/>
          <key-binding alias="null" key="RefineBy5Phrase"/>
          <key-binding alias="!empty(CurrentHttpParameterMap.cgid.value) ? CurrentHttpParameterMap.cgid.value : Product.variationModel.master.primaryCategory.ID" key="CategoryID"/>
          <key-binding alias="ProductSearchResult" key="ProductSearchModel"/>
          <key-binding alias="CurrentHttpParameterMap.cid.value" key="ContentID"/>
          <key-binding alias="CurrentHttpParameterMap.fdid.value" key="FolderID"/>
          <key-binding alias="ContentSearchResult" key="ContentSearchModel"/>
          <key-binding alias="&quot;prefn&quot;" key="RefineByNamePrefix"/>
          <key-binding alias="&quot;prefv&quot;" key="RefineByPhrasePrefix"/>
          <key-binding alias="CurrentHttpParameterMap.srule.value" key="SortingRuleID"/>
        </pipelet-node>
        <node-display x="0" y="1"/>
      </node>
      <simple-transition/>
      <node>
        <pipelet-node pipelet-name="Paging" pipelet-set-identifier="bc_api">
          <config-property key="DefaultPageSize" value="12"/>
          <key-binding alias="ProductSearchResult.productSearchHits" key="Objects"/>
          <key-binding alias="3" key="PageSize"/>
          <key-binding alias="CurrentHttpParameterMap.start.intValue - 2" key="Start"/>
          <key-binding alias="ProductSearchResult.count" key="ObjectsCount"/>
          <key-binding alias="ProductPagingModel" key="PagingModel"/>
        </pipelet-node>
        <node-display x="0" y="1"/>
      </node>
      <simple-transition>
        <transition-display>
          <bend-point relative-to="source" x="0" y="1"/>
        </transition-display>
      </simple-transition>
      <node>
        <interaction-node transaction-required="false">
          <template buffered="true" dynamic="false" name="search/productnav"/>
        </interaction-node>
        <node-display x="0" y="1"/>
      </node>
    </segment>
  </branch>
  <branch basename="Variation">
    <segment>
      <node>
        <start-node name="Variation" secure="false"/>
        <node-display x="10" y="10"/>
      </node>
      <simple-transition>
        <transition-display>
          <bend-point relative-to="source" x="0" y="1"/>
        </transition-display>
      </simple-transition>
      <node>
        <decision-node condition-key="CurrentHttpParameterMap.pid.stringValue" condition-operator="expr"/>
        <node-display x="0" y="1"/>
        <branch basename="b2" source-connector="yes">
          <transition target-connector="in">
            <transition-display>
              <bend-point relative-to="source" x="0" y="1"/>
            </transition-display>
          </transition>
          <segment>
            <node>
              <pipelet-node pipelet-name="GetProduct" pipelet-set-identifier="bc_api">
                <key-binding alias="CurrentHttpParameterMap.pid.stringValue" key="ProductID"/>
                <key-binding alias="Product" key="Product"/>
              </pipelet-node>
              <node-display x="0" y="1"/>
              <branch basename="b2" source-connector="error">
                <transition target-connector="in1" target-path="../+1"/>
              </branch>
            </node>
            <simple-transition>
              <transition-display>
                <bend-point relative-to="source" x="0" y="1"/>
              </transition-display>
            </simple-transition>
            <node>
              <pipelet-node pipelet-name="UpdateProductVariationSelections" pipelet-set-identifier="bc_api">
                <key-binding alias="CurrentVariationModel" key="ProductVariationModel"/>
                <key-binding alias="Product" key="Product"/>
                <key-binding alias="Product" key="SelectedProduct"/>
                <key-binding alias="ProductVariationModels" key="ProductVariationModels"/>
              </pipelet-node>
              <node-display x="0" y="1"/>
            </node>
            <simple-transition>
              <transition-display>
                <bend-point relative-to="source" x="0" y="1"/>
              </transition-display>
            </simple-transition>
            <node>
              <pipelet-node pipelet-name="UpdateProductOptionSelections" pipelet-set-identifier="bc_api">
                <key-binding alias="Product" key="Product"/>
                <key-binding alias="CurrentOptionModel" key="ProductOptionModel"/>
                <key-binding alias="null" key="CustomFormPrefix"/>
              </pipelet-node>
              <node-display x="0" y="1"/>
            </node>
            <simple-transition>
              <transition-display>
                <bend-point relative-to="source" x="0" y="1"/>
              </transition-display>
            </simple-transition>
            <node>
              <decision-node condition-key="Product.master" condition-operator="expr"/>
              <node-display x="0" y="1"/>
              <branch basename="b3" source-connector="yes">
                <transition target-connector="in">
                  <transition-display>
                    <bend-point relative-to="source" x="0" y="1"/>
                  </transition-display>
                </transition>
                <segment>
                  <node>
                    <pipelet-node pipelet-name="Script" pipelet-set-identifier="bc_api">
                      <config-property key="Transactional" value="false"/>
                      <config-property key="OnError" value="PIPELET_ERROR"/>
                      <config-property key="ScriptFile" value="product/GetDefaultVariant.ds"/>
                      <key-binding alias="ScriptLog" key="ScriptLog"/>
                      <key-binding alias="CurrentHttpParameterMap.get(&quot;dwvar_&quot;+Product.ID+&quot;_color&quot;).value" key="colorId"/>
                      <key-binding alias="Product" key="Prod"/>
                      <key-binding alias="DefaultVariant" key="newProduct"/>
                      <key-binding alias="CurrentVariationModel" key="PVM"/>
                      <key-binding alias="CurrentVariationModel" key="CurrentVariationModel"/>
                    </pipelet-node>
                    <node-display x="0" y="1"/>
                    <branch basename="b2" source-connector="error">
                      <transition target-connector="in1" target-path="../+1">
                        <transition-display>
                          <bend-point relative-to="source" x="1" y="0"/>
                          <bend-point relative-to="source" x="1" y="2"/>
                          <bend-point relative-to="target" x="1" y="0"/>
                        </transition-display>
                      </transition>
                    </branch>
                  </node>
                  <simple-transition/>
                  <node>
                    <pipelet-node pipelet-name="Assign" pipelet-set-identifier="bc_api">
                      <config-property key="Transactional" value="false"/>
                      <key-binding alias="false" key="From_0"/>
                      <key-binding alias="resetAttributes" key="To_0"/>
                      <key-binding alias="null" key="From_1"/>
                      <key-binding alias="null" key="To_1"/>
                      <key-binding alias="null" key="From_2"/>
                      <key-binding alias="null" key="To_2"/>
                      <key-binding alias="null" key="From_3"/>
                      <key-binding alias="null" key="To_3"/>
                      <key-binding alias="null" key="From_4"/>
                      <key-binding alias="null" key="To_4"/>
                      <key-binding alias="null" key="From_5"/>
                      <key-binding alias="null" key="To_5"/>
                      <key-binding alias="null" key="From_6"/>
                      <key-binding alias="null" key="To_6"/>
                      <key-binding alias="null" key="From_7"/>
                      <key-binding alias="null" key="To_7"/>
                      <key-binding alias="null" key="From_8"/>
                      <key-binding alias="null" key="To_8"/>
                      <key-binding alias="null" key="From_9"/>
                      <key-binding alias="null" key="To_9"/>
                    </pipelet-node>
                    <node-display x="0" y="1"/>
                  </node>
                  <transition target-connector="in1" target-path="../+1"/>
                </segment>
              </branch>
            </node>
            <transition target-connector="in2" target-path="./+1">
              <transition-display>
                <bend-point relative-to="source" x="1" y="0"/>
                <bend-point relative-to="target" x="1" y="-2"/>
                <bend-point relative-to="target" x="1" y="0"/>
              </transition-display>
            </transition>
          </segment>
          <segment>
            <node>
              <join-node/>
              <node-display x="0" y="3"/>
            </node>
            <simple-transition/>
            <node>
              <decision-node condition-key="empty(CurrentHttpParameterMap.format.stringValue)" condition-operator="expr"/>
              <node-display x="0" y="1"/>
              <branch basename="b2" source-connector="yes">
                <transition target-connector="in"/>
                <segment>
                  <node>
                    <interaction-node transaction-required="false">
                      <template buffered="true" dynamic="false" name="product/product"/>
                    </interaction-node>
                    <node-display x="0" y="1"/>
                  </node>
                </segment>
              </branch>
            </node>
            <simple-transition>
              <transition-display>
                <bend-point relative-to="source" x="1" y="0"/>
              </transition-display>
            </simple-transition>
            <node>
              <decision-node condition-key="CurrentHttpParameterMap.source.stringValue == 'bonus'" condition-operator="expr"/>
              <node-display orientation="horizontal" x="1" y="0"/>
              <branch basename="b3" source-connector="yes">
                <transition target-connector="in1"/>
                <segment>
                  <node>
                    <join-node/>
                    <node-display x="1" y="0"/>
                  </node>
                  <simple-transition/>
                  <node>
                    <call-node start-name-ref="Cart-GetBasket"/>
                    <node-display x="0" y="1"/>
                  </node>
                  <simple-transition/>
                  <node>
                    <pipelet-node pipelet-name="Script" pipelet-set-identifier="bc_api">
                      <config-property key="Transactional" value="false"/>
                      <config-property key="OnError" value="PIPELET_ERROR"/>
                      <config-property key="ScriptFile" value="cart/GetBonusDiscountLineItem.ds"/>
                      <key-binding alias="BonusDiscountLineItem" key="BonusDiscountLineItem"/>
                      <key-binding alias="CurrentHttpParameterMap.bonusDiscountLineItemUUID.stringValue" key="uuid"/>
                      <key-binding alias="Basket.bonusDiscountLineItems" key="BonusDiscountLineItems"/>
                      <key-binding alias="ScriptLog" key="ScriptLog"/>
                    </pipelet-node>
                    <node-display x="0" y="1"/>
                    <branch basename="b2" source-connector="error">
                      <transition target-connector="in1"/>
                      <segment>
                        <node>
                          <join-node/>
                          <node-display x="1" y="0"/>
                        </node>
                        <transition target-connector="in1" target-path="../+1">
                          <transition-display>
                            <bend-point relative-to="source" x="0" y="2"/>
                          </transition-display>
                        </transition>
                      </segment>
                    </branch>
                  </node>
                  <transition target-connector="in1" target-path="./+1"/>
                </segment>
                <segment>
                  <node>
                    <join-node/>
                    <node-display x="0" y="1"/>
                  </node>
                  <simple-transition/>
                  <node>
                    <interaction-node transaction-required="false">
                      <template buffered="true" dynamic="false" name="product/components/bonusproduct"/>
                    </interaction-node>
                    <node-display x="0" y="1"/>
                  </node>
                </segment>
              </branch>
            </node>
            <simple-transition/>
            <node>
              <pipelet-node pipelet-name="Assign" pipelet-set-identifier="bc_api">
                <config-property key="Transactional" value="false"/>
                <key-binding alias="true" key="From_0"/>
                <key-binding alias="GetImages" key="To_0"/>
                <key-binding alias="null" key="From_1"/>
                <key-binding alias="null" key="To_1"/>
                <key-binding alias="null" key="From_2"/>
                <key-binding alias="null" key="To_2"/>
                <key-binding alias="null" key="From_3"/>
                <key-binding alias="null" key="To_3"/>
                <key-binding alias="null" key="From_4"/>
                <key-binding alias="null" key="To_4"/>
                <key-binding alias="null" key="From_5"/>
                <key-binding alias="null" key="To_5"/>
                <key-binding alias="null" key="From_6"/>
                <key-binding alias="null" key="To_6"/>
                <key-binding alias="null" key="From_7"/>
                <key-binding alias="null" key="To_7"/>
                <key-binding alias="null" key="From_8"/>
                <key-binding alias="null" key="To_8"/>
                <key-binding alias="null" key="From_9"/>
                <key-binding alias="null" key="To_9"/>
              </pipelet-node>
              <node-display x="0" y="1"/>
            </node>
            <simple-transition/>
            <node>
              <interaction-node transaction-required="false">
                <template buffered="true" dynamic="false" name="product/productcontent"/>
              </interaction-node>
              <node-display x="0" y="1"/>
            </node>
          </segment>
        </branch>
      </node>
      <transition target-connector="in2" target-path="./+1">
        <transition-display>
          <bend-point relative-to="source" x="2" y="0"/>
        </transition-display>
      </transition>
    </segment>
    <segment>
      <node>
        <join-node/>
        <node-display x="1" y="1"/>
      </node>
      <simple-transition>
        <transition-display>
          <bend-point relative-to="source" x="1" y="0"/>
        </transition-display>
      </simple-transition>
      <node>
        <interaction-node transaction-required="false">
          <template buffered="true" dynamic="false" name="error/notfound"/>
        </interaction-node>
        <node-display orientation="horizontal" x="1" y="0"/>
      </node>
    </segment>
  </branch>
  <branch basename="VariationPS">
    <segment>
      <node>
        <start-node name="VariationPS" secure="false"/>
        <node-display x="14" y="10"/>
      </node>
      <simple-transition>
        <transition-display>
          <bend-point relative-to="source" x="0" y="1"/>
        </transition-display>
      </simple-transition>
      <node>
        <decision-node condition-key="CurrentHttpParameterMap.pid.stringValue" condition-operator="expr"/>
        <node-display x="0" y="1"/>
        <branch basename="b2" source-connector="yes">
          <transition target-connector="in">
            <transition-display>
              <bend-point relative-to="source" x="0" y="1"/>
            </transition-display>
          </transition>
          <segment>
            <node>
              <pipelet-node pipelet-name="GetProduct" pipelet-set-identifier="bc_api">
                <key-binding alias="CurrentHttpParameterMap.pid.stringValue" key="ProductID"/>
                <key-binding alias="Product" key="Product"/>
              </pipelet-node>
              <node-display x="0" y="1"/>
              <branch basename="b2" source-connector="error">
                <transition target-connector="in1" target-path="../+1"/>
              </branch>
            </node>
            <simple-transition>
              <transition-display>
                <bend-point relative-to="source" x="0" y="1"/>
              </transition-display>
            </simple-transition>
            <node>
              <pipelet-node pipelet-name="UpdateProductVariationSelections" pipelet-set-identifier="bc_api">
                <key-binding alias="CurrentVariationModel" key="ProductVariationModel"/>
                <key-binding alias="Product" key="Product"/>
                <key-binding alias="Product" key="SelectedProduct"/>
                <key-binding alias="ProductVariationModels" key="ProductVariationModels"/>
              </pipelet-node>
              <node-display x="0" y="1"/>
            </node>
            <simple-transition/>
            <node>
              <decision-node condition-key="Product.master" condition-operator="expr"/>
              <node-display x="0" y="1"/>
              <branch basename="b3" source-connector="yes">
                <transition target-connector="in"/>
                <segment>
                  <node>
                    <pipelet-node pipelet-name="Script" pipelet-set-identifier="bc_api">
                      <config-property key="Transactional" value="false"/>
                      <config-property key="OnError" value="PIPELET_ERROR"/>
                      <config-property key="ScriptFile" value="product/GetDefaultVariant.ds"/>
                      <key-binding alias="ScriptLog" key="ScriptLog"/>
                      <key-binding alias="CurrentHttpParameterMap.get(&quot;dwvar_&quot;+Product.ID+&quot;_color&quot;).value" key="colorId"/>
                      <key-binding alias="Product" key="Prod"/>
                      <key-binding alias="Product" key="newProduct"/>
                      <key-binding alias="CurrentVariationModel" key="PVM"/>
                      <key-binding alias="CurrentVariationModel" key="CurrentVariationModel"/>
                    </pipelet-node>
                    <node-display x="0" y="1"/>
                    <branch basename="b2" source-connector="error">
                      <transition target-connector="in1" target-path="../+1"/>
                    </branch>
                  </node>
                  <transition target-connector="in1" target-path="../+1"/>
                </segment>
              </branch>
            </node>
            <transition target-connector="in2" target-path="./+1">
              <transition-display>
                <bend-point relative-to="source" x="1" y="0"/>
                <bend-point relative-to="target" x="1" y="0"/>
              </transition-display>
            </transition>
          </segment>
          <segment>
            <node>
              <join-node/>
              <node-display x="0" y="2"/>
            </node>
            <simple-transition/>
            <node>
              <decision-node condition-key="empty(CurrentHttpParameterMap.format.stringValue)" condition-operator="expr"/>
              <node-display x="0" y="1"/>
              <branch basename="b2" source-connector="yes">
                <transition target-connector="in"/>
                <segment>
                  <node>
                    <interaction-node transaction-required="false">
                      <template buffered="true" dynamic="false" name="product/product"/>
                    </interaction-node>
                    <node-display x="0" y="1"/>
                  </node>
                </segment>
              </branch>
            </node>
            <simple-transition>
              <transition-display>
                <bend-point relative-to="source" x="2" y="0"/>
              </transition-display>
            </simple-transition>
            <node>
              <interaction-node transaction-required="false">
                <template buffered="true" dynamic="false" name="product/components/productsetproduct"/>
              </interaction-node>
              <node-display x="1" y="1"/>
            </node>
          </segment>
        </branch>
      </node>
      <transition target-connector="in2" target-path="./+1"/>
    </segment>
    <segment>
      <node>
        <join-node/>
        <node-display x="1" y="0"/>
      </node>
      <simple-transition/>
      <node>
        <interaction-node transaction-required="false">
          <template buffered="true" dynamic="false" name="error/notfound"/>
        </interaction-node>
        <node-display x="0" y="1"/>
      </node>
    </segment>
  </branch>
  <branch basename="_ANONYMOUS_BRANCH_18">
    <segment>
      <node>
        <text-node>
          <description>Renders the product detail page within the context of a category.</description>
        </text-node>
        <node-display x="1" y="13"/>
      </node>
    </segment>
  </branch>
  <branch basename="ShowInCategory">
    <segment>
      <node>
        <start-node name="ShowInCategory" secure="false"/>
        <node-display x="1" y="14"/>
      </node>
      <simple-transition>
        <transition-display>
          <bend-point relative-to="source" x="0" y="1"/>
        </transition-display>
      </simple-transition>
      <node>
        <jump-node start-name-ref="Product-Show"/>
        <node-display x="0" y="1"/>
      </node>
    </segment>
  </branch>
  <branch basename="_ANONYMOUS_BRANCH_20">
    <segment>
      <node>
        <text-node>
          <description>Renders the last visisted products based on the session information.</description>
        </text-node>
        <node-display x="4" y="13"/>
      </node>
    </segment>
  </branch>
  <branch basename="_ANONYMOUS_BRANCH_21">
    <segment>
      <node>
        <text-node>
          <description>Formats given prices into money based on site setting.
Http Param:
salePrice, standardPrice
Returns:
formatted prices as json</description>
        </text-node>
        <node-display width="2" x="5" y="13"/>
      </node>
    </segment>
  </branch>
  <branch basename="IncludeLastVisited">
    <segment>
      <node>
        <start-node name="IncludeLastVisited" secure="false"/>
        <node-display x="4" y="14"/>
      </node>
      <simple-transition/>
      <node>
        <pipelet-node pipelet-name="GetLastVisitedProducts" pipelet-set-identifier="bc_api">
          <key-binding alias="3" key="MaxLength"/>
          <key-binding alias="LastVisitedProducts" key="Products"/>
        </pipelet-node>
        <node-display x="0" y="1"/>
      </node>
      <simple-transition/>
      <node>
        <interaction-node transaction-required="false">
          <template buffered="true" dynamic="false" name="product/lastvisited"/>
        </interaction-node>
        <node-display x="0" y="1"/>
      </node>
    </segment>
  </branch>
  <branch basename="FormatPrices">
    <segment>
      <node>
        <start-node name="FormatPrices" secure="false"/>
        <node-display x="7" y="14"/>
      </node>
      <simple-transition/>
      <node>
        <interaction-node transaction-required="false">
          <template buffered="true" dynamic="false" name="util/formatprices"/>
        </interaction-node>
        <node-display x="0" y="2"/>
      </node>
    </segment>
  </branch>
  <branch basename="_ANONYMOUS_BRANCH_24">
    <segment>
      <node>
        <text-node>
          <description>Renders a list of bonus products for a bonus discount line item.</description>
        </text-node>
        <node-display x="1" y="17"/>
      </node>
    </segment>
  </branch>
  <branch basename="GetBonusProducts">
    <segment>
      <node>
        <start-node name="GetBonusProducts" secure="false"/>
        <node-display x="1" y="18"/>
      </node>
      <simple-transition>
        <transition-display>
          <bend-point relative-to="source" x="0" y="1"/>
        </transition-display>
      </simple-transition>
      <node>
        <call-node start-name-ref="Cart-GetBasket"/>
        <node-display x="0" y="1"/>
      </node>
      <simple-transition>
        <transition-display>
          <bend-point relative-to="source" x="0" y="1"/>
        </transition-display>
      </simple-transition>
      <node>
        <pipelet-node pipelet-name="Script" pipelet-set-identifier="bc_api">
          <config-property key="Transactional" value="false"/>
          <config-property key="OnError" value="PIPELET_ERROR"/>
          <config-property key="ScriptFile" value="cart/GetBonusDiscountLineItem.ds"/>
          <key-binding alias="BonusDiscountLineItem" key="BonusDiscountLineItem"/>
          <key-binding alias="CurrentHttpParameterMap.bonusDiscountLineItemUUID.stringValue" key="uuid"/>
          <key-binding alias="Basket.bonusDiscountLineItems" key="BonusDiscountLineItems"/>
          <key-binding alias="ScriptLog" key="ScriptLog"/>
        </pipelet-node>
        <node-display x="0" y="1"/>
        <branch basename="b2" source-connector="error">
          <transition target-connector="in1"/>
          <segment>
            <node>
              <join-node/>
              <node-display x="1" y="0"/>
            </node>
            <transition target-connector="in1" target-path="../+1"/>
          </segment>
        </branch>
      </node>
      <transition target-connector="in1" target-path="./+1"/>
    </segment>
    <segment>
      <node>
        <join-node/>
        <node-display x="0" y="1"/>
      </node>
      <simple-transition/>
      <node>
        <interaction-node transaction-required="false">
          <template buffered="true" dynamic="false" name="product/bonusproductgrid"/>
        </interaction-node>
        <node-display x="0" y="1"/>
      </node>
    </segment>
  </branch>
  <branch basename="AddBonusProduct">
    <segment>
      <node>
        <start-node name="AddBonusProduct" secure="false"/>
        <node-display x="4" y="17"/>
      </node>
      <simple-transition>
        <transition-display>
          <bend-point relative-to="source" x="0" y="1"/>
        </transition-display>
      </simple-transition>
      <node>
        <pipelet-node pipelet-name="AddBonusProductToBasket" pipelet-set-identifier="bc_api">
          <key-binding alias="Basket" key="Basket"/>
          <key-binding alias="BonusDiscountLineItem" key="BonusDiscountLineItem"/>
          <key-binding alias="Product" key="Product"/>
          <key-binding alias="Quantity" key="Quantity"/>
          <key-binding alias="null" key="ProductOptionModel"/>
          <key-binding alias="null" key="ProductLineItem"/>
        </pipelet-node>
        <node-display x="0" y="1"/>
        <branch basename="b2" source-connector="error">
          <transition target-connector="in1" target-path="./+1">
            <transition-display>
              <bend-point relative-to="source" x="2" y="0"/>
              <bend-point relative-to="target" x="2" y="0"/>
            </transition-display>
          </transition>
        </branch>
      </node>
      <transition target-connector="in1" target-path="./+1"/>
    </segment>
    <segment>
      <node>
        <join-node/>
        <node-display x="0" y="1"/>
      </node>
      <simple-transition/>
      <node>
        <end-node/>
        <node-display x="0" y="1"/>
      </node>
    </segment>
  </branch>
  <branch basename="GetSetItem">
    <segment>
      <node>
        <start-node name="GetSetItem" secure="false"/>
        <node-display x="7" y="19"/>
      </node>
      <simple-transition>
        <transition-display>
          <bend-point relative-to="source" x="0" y="1"/>
        </transition-display>
      </simple-transition>
      <node>
        <call-node start-name-ref="Product-GetProduct"/>
        <node-display x="0" y="1"/>
      </node>
      <simple-transition/>
      <node>
        <pipelet-node pipelet-name="Assign" pipelet-set-identifier="bc_api">
          <config-property key="Transactional" value="false"/>
          <key-binding alias="true" key="From_0"/>
          <key-binding alias="isSet" key="To_0"/>
          <key-binding alias="null" key="From_1"/>
          <key-binding alias="null" key="To_1"/>
          <key-binding alias="null" key="From_2"/>
          <key-binding alias="null" key="To_2"/>
          <key-binding alias="null" key="From_3"/>
          <key-binding alias="null" key="To_3"/>
          <key-binding alias="null" key="From_4"/>
          <key-binding alias="null" key="To_4"/>
          <key-binding alias="null" key="From_5"/>
          <key-binding alias="null" key="To_5"/>
          <key-binding alias="null" key="From_6"/>
          <key-binding alias="null" key="To_6"/>
          <key-binding alias="null" key="From_7"/>
          <key-binding alias="null" key="To_7"/>
          <key-binding alias="null" key="From_8"/>
          <key-binding alias="null" key="To_8"/>
          <key-binding alias="null" key="From_9"/>
          <key-binding alias="null" key="To_9"/>
        </pipelet-node>
        <node-display x="0" y="1"/>
      </node>
      <simple-transition/>
      <node>
        <interaction-node transaction-required="false">
          <template buffered="true" dynamic="false" name="product/components/productsetproduct"/>
        </interaction-node>
        <node-display x="0" y="1"/>
      </node>
    </segment>
  </branch>
</pipeline>
