<?xml version="1.0" encoding="UTF-8" ?>
<?demandware-pipeline version="2.0"?>

<pipeline group="Catalog">
  <branch basename="_ANONYMOUS_BRANCH_1">
    <segment>
      <node>
        <text-node>
          <description>SendToFriend allows the use of dialog to gather email info to send to a friend.  A template that uses this dialog can set some of the values ahead of time.  Please look at wishlist.isml or registry.isml</description>
        </text-node>
        <node-display width="2" x="2" y="1"/>
      </node>
    </segment>
  </branch>
  <branch basename="Start">
    <segment>
      <node>
        <start-node name="Start" secure="false"/>
        <node-display x="3" y="2"/>
      </node>
      <simple-transition/>
      <node>
        <pipelet-node pipelet-name="ClearFormElement" pipelet-set-identifier="bc_api">
          <key-binding alias="CurrentForms.sendtofriend" key="FormElement"/>
        </pipelet-node>
        <node-display x="0" y="1"/>
      </node>
      <simple-transition/>
      <node>
        <pipelet-node pipelet-name="Assign" pipelet-set-identifier="bc_api">
          <config-property key="Transactional" value="false"/>
          <key-binding alias="&quot;edit&quot;" key="From_0"/>
          <key-binding alias="ViewMode" key="To_0"/>
          <key-binding alias="null" key="From_4"/>
          <key-binding alias="null" key="To_4"/>
          <key-binding alias="null" key="From_5"/>
          <key-binding alias="null" key="To_5"/>
          <key-binding alias="null" key="From_6"/>
          <key-binding alias="null" key="To_6"/>
          <key-binding alias="null" key="From_7"/>
          <key-binding alias="null" key="To_7"/>
          <key-binding alias="null" key="From_8"/>
          <key-binding alias="null" key="To_8"/>
          <key-binding alias="null" key="From_9"/>
          <key-binding alias="null" key="To_9"/>
        </pipelet-node>
        <node-display x="0" y="1"/>
      </node>
      <simple-transition>
        <transition-display>
          <bend-point relative-to="source" x="0" y="1"/>
        </transition-display>
      </simple-transition>
      <node>
        <decision-node condition-key="CurrentHttpParameterMap.pid.stringValue" condition-operator="expr"/>
        <node-display orientation="horizontal" x="0" y="1"/>
        <branch basename="b2" source-connector="yes">
          <transition target-connector="in">
            <transition-display>
              <bend-point relative-to="target" x="0" y="-2"/>
              <bend-point relative-to="target" x="0" y="-1"/>
            </transition-display>
          </transition>
          <segment>
            <node>
              <pipelet-node pipelet-name="Assign" pipelet-set-identifier="bc_api">
                <config-property key="Transactional" value="false"/>
                <key-binding alias="CurrentHttpParameterMap.pid" key="From_0"/>
                <key-binding alias="pid" key="To_0"/>
                <key-binding alias="null" key="From_4"/>
                <key-binding alias="null" key="To_4"/>
                <key-binding alias="null" key="From_5"/>
                <key-binding alias="null" key="To_5"/>
                <key-binding alias="null" key="From_6"/>
                <key-binding alias="null" key="To_6"/>
                <key-binding alias="null" key="From_7"/>
                <key-binding alias="null" key="To_7"/>
                <key-binding alias="null" key="From_8"/>
                <key-binding alias="null" key="To_8"/>
                <key-binding alias="null" key="From_9"/>
                <key-binding alias="null" key="To_9"/>
                <key-binding alias="dw.catalog.ProductMgr.getProduct(CurrentHttpParameterMap.pid)" key="From_1"/>
                <key-binding alias="Product" key="To_1"/>
              </pipelet-node>
              <node-display x="2" y="1"/>
            </node>
            <simple-transition/>
            <node>
              <pipelet-node pipelet-name="UpdateProductOptionSelections" pipelet-set-identifier="bc_api">
                <key-binding alias="ProductOptionModel" key="ProductOptionModel"/>
                <key-binding alias="Product" key="Product"/>
                <key-binding alias="null" key="CustomFormPrefix"/>
                <key-binding alias="null" key="ProductOptionModels"/>
              </pipelet-node>
              <node-display x="-1" y="1"/>
            </node>
            <transition target-connector="in1" target-path="../+1"/>
          </segment>
        </branch>
      </node>
      <transition target-connector="in1" target-path="./+1"/>
    </segment>
    <segment>
      <node>
        <join-node/>
        <node-display x="0" y="2"/>
      </node>
      <simple-transition>
        <transition-display>
          <bend-point relative-to="source" x="0" y="1"/>
        </transition-display>
      </simple-transition>
      <node>
        <decision-node condition-key="CurrentHttpParameterMap.plid.stringValue" condition-operator="expr"/>
        <node-display orientation="horizontal" x="0" y="1"/>
        <branch basename="b2" source-connector="yes">
          <transition target-connector="in">
            <transition-display>
              <bend-point relative-to="target" x="-1" y="0"/>
            </transition-display>
          </transition>
          <segment>
            <node>
              <pipelet-node pipelet-name="GetProductList" pipelet-set-identifier="bc_api">
                <config-property key="Create" value="false"/>
                <key-binding alias="null" key="Type"/>
                <key-binding alias="ProductList" key="ProductList"/>
                <key-binding alias="null" key="Customer"/>
                <key-binding alias="CurrentHttpParameterMap.plid.value" key="ProductListID"/>
              </pipelet-node>
              <node-display orientation="horizontal" x="2" y="0"/>
              <branch basename="b2" source-connector="error">
                <transition target-connector="in1" target-path="./+1"/>
              </branch>
            </node>
            <transition target-connector="in1" target-path="./+1">
              <transition-display>
                <bend-point relative-to="source" x="1" y="0"/>
                <bend-point relative-to="target" x="1" y="0"/>
              </transition-display>
            </transition>
          </segment>
          <segment>
            <node>
              <join-node/>
              <node-display x="0" y="1"/>
            </node>
            <transition target-connector="in1" target-path="../+1"/>
          </segment>
        </branch>
      </node>
      <transition target-connector="in1" target-path="./+1"/>
    </segment>
    <segment>
      <node>
        <join-node/>
        <node-display x="0" y="1"/>
      </node>
      <simple-transition/>
      <node>
        <decision-node condition-key="CurrentCustomer.authenticated" condition-operator="expr"/>
        <node-display x="0" y="1"/>
        <branch basename="b2" source-connector="yes">
          <transition target-connector="in">
            <transition-display>
              <bend-point relative-to="source" x="0" y="1"/>
            </transition-display>
          </transition>
          <segment>
            <node>
              <pipelet-node pipelet-name="Assign" pipelet-set-identifier="bc_api">
                <config-property key="Transactional" value="false"/>
                <key-binding alias="CurrentCustomer.profile.firstName + &quot; &quot; + CurrentCustomer.profile.lastName" key="From_0"/>
                <key-binding alias="CurrentForms.sendtofriend.yourname.htmlValue" key="To_0"/>
                <key-binding alias="null" key="From_3"/>
                <key-binding alias="null" key="To_3"/>
                <key-binding alias="null" key="From_4"/>
                <key-binding alias="null" key="To_4"/>
                <key-binding alias="null" key="From_5"/>
                <key-binding alias="null" key="To_5"/>
                <key-binding alias="null" key="From_6"/>
                <key-binding alias="null" key="To_6"/>
                <key-binding alias="null" key="From_7"/>
                <key-binding alias="null" key="To_7"/>
                <key-binding alias="null" key="From_8"/>
                <key-binding alias="null" key="To_8"/>
                <key-binding alias="null" key="From_9"/>
                <key-binding alias="null" key="To_9"/>
              </pipelet-node>
              <node-display x="0" y="1"/>
            </node>
            <transition target-connector="in1" target-path="../+2"/>
          </segment>
        </branch>
      </node>
      <transition target-connector="in2" target-path="./+1"/>
    </segment>
    <segment>
      <node>
        <join-node/>
        <node-display x="1" y="0"/>
      </node>
      <transition target-connector="in1" target-path="./+1">
        <transition-display>
          <bend-point relative-to="target" x="2" y="0"/>
        </transition-display>
      </transition>
    </segment>
    <segment>
      <node>
        <join-node/>
        <node-display x="-1" y="2"/>
      </node>
      <simple-transition>
        <transition-display>
          <bend-point relative-to="source" x="0" y="1"/>
        </transition-display>
      </simple-transition>
      <node>
        <interaction-continue-node secure="false" start-name="SendToFriendForm" transaction-required="false">
          <template buffered="true" dynamic="false" name="account/components/sendtofrienddialog"/>
        </interaction-continue-node>
        <node-display x="0" y="1"/>
        <branch basename="b2" source-connector="edit">
          <transition target-connector="in">
            <transition-display>
              <bend-point relative-to="target" x="0" y="-1"/>
            </transition-display>
          </transition>
          <segment>
            <node>
              <pipelet-node pipelet-name="Assign" pipelet-set-identifier="bc_api">
                <config-property key="Transactional" value="false"/>
                <key-binding alias="&quot;edit&quot;" key="From_0"/>
                <key-binding alias="ViewMode" key="To_0"/>
                <key-binding alias="null" key="From_1"/>
                <key-binding alias="null" key="To_1"/>
                <key-binding alias="null" key="From_2"/>
                <key-binding alias="null" key="To_2"/>
                <key-binding alias="null" key="From_3"/>
                <key-binding alias="null" key="To_3"/>
                <key-binding alias="null" key="From_4"/>
                <key-binding alias="null" key="To_4"/>
                <key-binding alias="null" key="From_5"/>
                <key-binding alias="null" key="To_5"/>
                <key-binding alias="null" key="From_6"/>
                <key-binding alias="null" key="To_6"/>
                <key-binding alias="null" key="From_7"/>
                <key-binding alias="null" key="To_7"/>
                <key-binding alias="null" key="From_8"/>
                <key-binding alias="null" key="To_8"/>
                <key-binding alias="null" key="From_9"/>
                <key-binding alias="null" key="To_9"/>
              </pipelet-node>
              <node-display x="5" y="3"/>
            </node>
            <transition target-connector="in2" target-path="../+6">
              <transition-display>
                <bend-point relative-to="target" x="-2" y="0"/>
              </transition-display>
            </transition>
          </segment>
        </branch>
        <branch basename="b3" source-connector="preview">
          <transition target-connector="in">
            <transition-display>
              <bend-point relative-to="target" x="0" y="-1"/>
            </transition-display>
          </transition>
          <segment>
            <node>
              <decision-node condition-key="CurrentForms.sendtofriend.friendsemail.value == CurrentForms.sendtofriend.confirmfriendsemail.value" condition-operator="expr"/>
              <node-display x="2" y="2"/>
              <branch basename="b2" source-connector="yes">
                <transition target-connector="in">
                  <transition-display>
                    <bend-point relative-to="source" x="0" y="1"/>
                  </transition-display>
                </transition>
                <segment>
                  <node>
                    <pipelet-node pipelet-name="Assign" pipelet-set-identifier="bc_api">
                      <config-property key="Transactional" value="false"/>
                      <key-binding alias="&quot;preview&quot;" key="From_0"/>
                      <key-binding alias="ViewMode" key="To_0"/>
                      <key-binding alias="null" key="From_1"/>
                      <key-binding alias="null" key="To_1"/>
                      <key-binding alias="null" key="From_2"/>
                      <key-binding alias="null" key="To_2"/>
                      <key-binding alias="null" key="From_3"/>
                      <key-binding alias="null" key="To_3"/>
                      <key-binding alias="null" key="From_4"/>
                      <key-binding alias="null" key="To_4"/>
                      <key-binding alias="null" key="From_5"/>
                      <key-binding alias="null" key="To_5"/>
                      <key-binding alias="null" key="From_6"/>
                      <key-binding alias="null" key="To_6"/>
                      <key-binding alias="null" key="From_7"/>
                      <key-binding alias="null" key="To_7"/>
                      <key-binding alias="null" key="From_8"/>
                      <key-binding alias="null" key="To_8"/>
                      <key-binding alias="null" key="From_9"/>
                      <key-binding alias="null" key="To_9"/>
                    </pipelet-node>
                    <node-display x="0" y="1"/>
                  </node>
                  <simple-transition>
                    <transition-display>
                      <bend-point relative-to="source" x="0" y="1"/>
                    </transition-display>
                  </simple-transition>
                  <node>
                    <decision-node condition-key="typeof(pid) != 'undefined' &amp;&amp; pid != null" condition-operator="expr"/>
                    <node-display orientation="horizontal" x="0" y="1"/>
                    <branch basename="b2" source-connector="yes">
                      <transition target-connector="in">
                        <transition-display>
                          <bend-point relative-to="source" x="1" y="0"/>
                        </transition-display>
                      </transition>
                      <segment>
                        <node>
                          <call-node start-name-ref="SendToFriend-GetProduct"/>
                          <node-display orientation="horizontal" x="1" y="0"/>
                        </node>
                        <transition target-connector="in1" target-path="../../../+4"/>
                      </segment>
                    </branch>
                  </node>
                  <transition target-connector="in1" target-path="../../+3"/>
                </segment>
              </branch>
            </node>
            <simple-transition>
              <transition-display>
                <bend-point relative-to="target" x="0" y="-2"/>
              </transition-display>
            </simple-transition>
            <node>
              <pipelet-node pipelet-name="InvalidateFormElement" pipelet-set-identifier="bc_api">
                <key-binding alias="CurrentForms.sendtofriend.confirmfriendsemail" key="FormElement"/>
              </pipelet-node>
              <node-display x="2" y="1"/>
            </node>
            <transition target-connector="in2" target-path="../+5"/>
          </segment>
        </branch>
        <branch basename="b4" source-connector="send">
          <transition target-connector="in1" target-path="./+1"/>
        </branch>
      </node>
      <simple-transition>
        <transition-display>
          <bend-point relative-to="source" x="1" y="0"/>
        </transition-display>
      </simple-transition>
      <node>
        <decision-node condition-key="!CurrentForms.sendtofriend.valid" condition-operator="expr"/>
        <node-display orientation="horizontal" x="1" y="0"/>
        <branch basename="b5" source-connector="yes">
          <transition target-connector="in1" target-path="./+7"/>
        </branch>
      </node>
      <transition target-connector="in3" target-path="./+1">
        <transition-display>
          <bend-point relative-to="source" x="0" y="3"/>
          <bend-point relative-to="target" x="1" y="1"/>
        </transition-display>
      </transition>
    </segment>
    <segment>
      <node>
        <join-node/>
        <node-display x="-3" y="1"/>
      </node>
      <simple-transition>
        <transition-display>
          <bend-point relative-to="source" x="0" y="1"/>
        </transition-display>
      </simple-transition>
      <node>
        <decision-node condition-key="CurrentForms.sendtofriend.friendsemail.value == CurrentForms.sendtofriend.confirmfriendsemail.value" condition-operator="expr"/>
        <node-display x="0" y="1"/>
        <branch basename="b2" source-connector="yes">
          <transition target-connector="in">
            <transition-display>
              <bend-point relative-to="source" x="0" y="1"/>
            </transition-display>
          </transition>
          <segment>
            <node>
              <decision-node condition-key="typeof(ProductList) != 'undefined' &amp;&amp; ProductList != null" condition-operator="expr"/>
              <node-display orientation="horizontal" x="-1" y="1"/>
              <branch basename="b2" source-connector="yes">
                <transition target-connector="in">
                  <transition-display>
                    <bend-point relative-to="source" x="1" y="0"/>
                  </transition-display>
                </transition>
                <segment>
                  <node>
                    <pipelet-node pipelet-name="SendMail" pipelet-set-identifier="bc_api">
                      <key-binding alias="CurrentCustomer.profile.email" key="MailFrom"/>
                      <key-binding alias="&quot;mail/productlist&quot;" key="MailTemplate"/>
                      <key-binding alias="CurrentForms.sendtofriend.friendsemail.value" key="MailTo"/>
                      <key-binding alias="CurrentForms.sendtofriend.subject.value" key="MailSubject"/>
                      <key-binding alias="null" key="LocaleID"/>
                      <key-binding alias="null" key="MailCC"/>
                      <key-binding alias="null" key="MailBCC"/>
                    </pipelet-node>
                    <node-display orientation="horizontal" x="1" y="0"/>
                  </node>
                  <simple-transition>
                    <transition-display>
                      <bend-point relative-to="source" x="1" y="0"/>
                    </transition-display>
                  </simple-transition>
                  <node>
                    <decision-node condition-key="empty(CurrentHttpParameterMap.format.stringValue)" condition-operator="expr"/>
                    <node-display orientation="horizontal" x="1" y="0"/>
                    <branch basename="b2" source-connector="yes">
                      <transition target-connector="in"/>
                      <segment>
                        <node>
                          <decision-node condition-key="empty(ProductList.eventCity)" condition-operator="expr"/>
                          <node-display orientation="horizontal" x="1" y="0"/>
                          <branch basename="b2" source-connector="yes">
                            <transition target-connector="in">
                              <transition-display>
                                <bend-point relative-to="source" x="1" y="0"/>
                              </transition-display>
                            </transition>
                            <segment>
                              <node>
                                <jump-node start-name-ref="Wishlist-Show"/>
                                <node-display orientation="horizontal" x="1" y="0"/>
                              </node>
                            </segment>
                          </branch>
                        </node>
                        <simple-transition>
                          <transition-display>
                            <bend-point relative-to="source" x="0" y="1"/>
                          </transition-display>
                        </simple-transition>
                        <node>
                          <jump-node start-name-ref="GiftRegistry-ShowRegistry"/>
                          <node-display x="0" y="1"/>
                        </node>
                      </segment>
                    </branch>
                  </node>
                  <transition target-connector="in1" target-path="../+1">
                    <transition-display>
                      <bend-point relative-to="source" x="1" y="1"/>
                      <bend-point relative-to="target" x="3" y="0"/>
                    </transition-display>
                  </transition>
                </segment>
              </branch>
            </node>
            <simple-transition>
              <transition-display>
                <bend-point relative-to="source" x="0" y="1"/>
              </transition-display>
            </simple-transition>
            <node>
              <decision-node condition-key="typeof(pid) != 'undefined' &amp;&amp; pid != null" condition-operator="expr"/>
              <node-display orientation="horizontal" x="0" y="1"/>
              <branch basename="b3" source-connector="yes">
                <transition target-connector="in"/>
                <segment>
                  <node>
                    <call-node start-name-ref="SendToFriend-GetProduct"/>
                    <node-display orientation="horizontal" x="1" y="0"/>
                  </node>
                  <simple-transition>
                    <transition-display>
                      <bend-point relative-to="source" x="1" y="0"/>
                    </transition-display>
                  </simple-transition>
                  <node>
                    <pipelet-node pipelet-name="SendMail" pipelet-set-identifier="bc_api">
                      <key-binding alias="CurrentCustomer.profile.email" key="MailFrom"/>
                      <key-binding alias="&quot;mail/product&quot;" key="MailTemplate"/>
                      <key-binding alias="CurrentForms.sendtofriend.friendsemail.value" key="MailTo"/>
                      <key-binding alias="CurrentForms.sendtofriend.subject.value" key="MailSubject"/>
                      <key-binding alias="null" key="LocaleID"/>
                      <key-binding alias="null" key="MailCC"/>
                      <key-binding alias="null" key="MailBCC"/>
                    </pipelet-node>
                    <node-display orientation="horizontal" x="1" y="0"/>
                  </node>
                  <simple-transition>
                    <transition-display>
                      <bend-point relative-to="source" x="0" y="1"/>
                      <bend-point relative-to="target" x="0" y="-1"/>
                    </transition-display>
                  </simple-transition>
                  <node>
                    <decision-node condition-key="!empty(CurrentHttpParameterMap.format.stringValue)" condition-operator="expr"/>
                    <node-display x="-1" y="1"/>
                    <branch basename="b2" source-connector="yes">
                      <transition target-connector="in1" target-path="../+1"/>
                    </branch>
                  </node>
                  <simple-transition>
                    <transition-display>
                      <bend-point relative-to="source" x="1" y="0"/>
                    </transition-display>
                  </simple-transition>
                  <node>
                    <jump-node start-name-ref="Product-Show"/>
                    <node-display orientation="horizontal" x="1" y="0"/>
                  </node>
                </segment>
              </branch>
            </node>
            <simple-transition>
              <transition-display>
                <bend-point relative-to="source" x="0" y="1"/>
              </transition-display>
            </simple-transition>
            <node>
              <pipelet-node pipelet-name="SendMail" pipelet-set-identifier="bc_api">
                <key-binding alias="CurrentForms.sendtofriend.youremail.value" key="MailFrom"/>
                <key-binding alias="&quot;mail/productlistdefault&quot;" key="MailTemplate"/>
                <key-binding alias="CurrentForms.sendtofriend.friendsemail.value" key="MailTo"/>
                <key-binding alias="CurrentForms.sendtofriend.subject.value" key="MailSubject"/>
                <key-binding alias="null" key="LocaleID"/>
                <key-binding alias="null" key="MailCC"/>
                <key-binding alias="null" key="MailBCC"/>
              </pipelet-node>
              <node-display x="0" y="1"/>
            </node>
            <transition target-connector="in2" target-path="./+1"/>
          </segment>
          <segment>
            <node>
              <join-node/>
              <node-display x="1" y="1"/>
            </node>
            <simple-transition>
              <transition-display>
                <bend-point relative-to="source" x="0" y="1"/>
              </transition-display>
            </simple-transition>
            <node>
              <pipelet-node pipelet-name="Assign" pipelet-set-identifier="bc_api">
                <config-property key="Transactional" value="false"/>
                <key-binding alias="&quot;edit&quot;" key="From_0"/>
                <key-binding alias="ViewMode" key="To_0"/>
                <key-binding alias="null" key="From_1"/>
                <key-binding alias="null" key="To_1"/>
                <key-binding alias="null" key="From_2"/>
                <key-binding alias="null" key="To_2"/>
                <key-binding alias="null" key="From_3"/>
                <key-binding alias="null" key="To_3"/>
                <key-binding alias="null" key="From_4"/>
                <key-binding alias="null" key="To_4"/>
                <key-binding alias="null" key="From_5"/>
                <key-binding alias="null" key="To_5"/>
                <key-binding alias="null" key="From_6"/>
                <key-binding alias="null" key="To_6"/>
                <key-binding alias="null" key="From_7"/>
                <key-binding alias="null" key="To_7"/>
                <key-binding alias="null" key="From_8"/>
                <key-binding alias="null" key="To_8"/>
                <key-binding alias="null" key="From_9"/>
                <key-binding alias="null" key="To_9"/>
              </pipelet-node>
              <node-display x="0" y="1"/>
            </node>
            <simple-transition>
              <transition-display>
                <bend-point relative-to="source" x="0" y="1"/>
              </transition-display>
            </simple-transition>
            <node>
              <interaction-node transaction-required="false">
                <template buffered="true" dynamic="false" name="account/components/sendtofrienddialogsuccess"/>
              </interaction-node>
              <node-display x="0" y="1"/>
            </node>
          </segment>
        </branch>
      </node>
      <simple-transition>
        <transition-display>
          <bend-point relative-to="source" x="6" y="0"/>
        </transition-display>
      </simple-transition>
      <node>
        <pipelet-node pipelet-name="InvalidateFormElement" pipelet-set-identifier="bc_api">
          <key-binding alias="CurrentForms.sendtofriend.confirmfriendsemail" key="FormElement"/>
        </pipelet-node>
        <node-display x="3" y="3"/>
      </node>
      <transition target-connector="in1" target-path="./+1"/>
    </segment>
    <segment>
      <node>
        <join-node/>
        <node-display x="0" y="2"/>
      </node>
      <transition target-connector="in1" target-path="./+1"/>
    </segment>
    <segment>
      <node>
        <join-node/>
        <node-display x="1" y="0"/>
      </node>
      <transition target-connector="in1" target-path="./+1"/>
    </segment>
    <segment>
      <node>
        <join-node/>
        <node-display x="1" y="0"/>
      </node>
      <transition target-connector="in1" target-path="./+1"/>
    </segment>
    <segment>
      <node>
        <join-node/>
        <node-display x="1" y="0"/>
      </node>
      <transition target-connector="in1" target-path="./+1"/>
    </segment>
    <segment>
      <node>
        <join-node/>
        <node-display x="2" y="0"/>
      </node>
      <transition target-connector="in2" target-path="./+1"/>
    </segment>
    <segment>
      <node>
        <join-node/>
        <node-display x="0" y="-6"/>
      </node>
      <transition target-connector="in1" target-path="./-8"/>
    </segment>
  </branch>
  <branch basename="_ANONYMOUS_BRANCH_3">
    <segment>
      <node>
        <text-node>
          <description>Get a product and any product options that have been selected.</description>
        </text-node>
        <node-display x="8" y="1"/>
      </node>
    </segment>
  </branch>
  <branch basename="GetProduct">
    <segment>
      <node>
        <start-node call-mode="private" name="GetProduct" secure="false"/>
        <node-display x="8" y="2"/>
      </node>
      <simple-transition>
        <transition-display>
          <bend-point relative-to="source" x="0" y="1"/>
        </transition-display>
      </simple-transition>
      <node>
        <pipelet-node pipelet-name="GetProduct" pipelet-set-identifier="bc_api">
          <key-binding alias="Product" key="Product"/>
          <key-binding alias="pid.stringValue" key="ProductID"/>
        </pipelet-node>
        <node-display x="0" y="1"/>
        <branch basename="b2" source-connector="error">
          <transition target-connector="in1" target-path="./+1">
            <transition-display>
              <bend-point relative-to="source" x="1" y="0"/>
              <bend-point relative-to="target" x="1" y="0"/>
            </transition-display>
          </transition>
        </branch>
      </node>
      <simple-transition>
        <transition-display>
          <bend-point relative-to="source" x="0" y="1"/>
        </transition-display>
      </simple-transition>
      <node>
        <pipelet-node pipelet-name="UpdateProductOptionSelections" pipelet-set-identifier="bc_api">
          <key-binding alias="ProductOptionModel" key="ProductOptionModel"/>
          <key-binding alias="Product" key="Product"/>
          <key-binding alias="null" key="CustomFormPrefix"/>
          <key-binding alias="null" key="ProductOptionModels"/>
        </pipelet-node>
        <node-display x="0" y="1"/>
      </node>
      <transition target-connector="in1" target-path="./+1"/>
    </segment>
    <segment>
      <node>
        <join-node/>
        <node-display x="0" y="1"/>
      </node>
      <simple-transition/>
      <node>
        <end-node/>
        <node-display x="0" y="1"/>
      </node>
    </segment>
  </branch>
  <branch basename="_ANONYMOUS_BRANCH_5">
    <segment>
      <node>
        <text-node>
          <description>This pipeline is used to ensure that storefront users using the send to a friend feature are logged in</description>
        </text-node>
        <node-display width="2" x="12" y="0"/>
      </node>
    </segment>
  </branch>
  <branch basename="Login">
    <segment>
      <node>
        <start-node name="Login" secure="true"/>
        <node-display x="12" y="1"/>
      </node>
      <simple-transition>
        <transition-display>
          <bend-point relative-to="source" x="0" y="1"/>
        </transition-display>
      </simple-transition>
      <node>
        <pipelet-node pipelet-name="Assign" pipelet-set-identifier="bc_api">
          <config-property key="Transactional" value="false"/>
          <key-binding alias="&quot;Product-Show&quot;" key="From_0"/>
          <key-binding alias="TargetPipeline" key="To_0"/>
          <key-binding alias="CurrentHttpParameterMap.pid" key="From_1"/>
          <key-binding alias="RedirectParams" key="To_1"/>
          <key-binding alias="&quot;pid=&quot;+CurrentHttpParameterMap.pid" key="From_2"/>
          <key-binding alias="TargetPipelineParams" key="To_2"/>
          <key-binding alias="null" key="From_3"/>
          <key-binding alias="null" key="To_3"/>
          <key-binding alias="null" key="From_4"/>
          <key-binding alias="null" key="To_4"/>
          <key-binding alias="null" key="From_5"/>
          <key-binding alias="null" key="To_5"/>
          <key-binding alias="null" key="From_6"/>
          <key-binding alias="null" key="To_6"/>
          <key-binding alias="null" key="From_7"/>
          <key-binding alias="null" key="To_7"/>
          <key-binding alias="null" key="From_8"/>
          <key-binding alias="null" key="To_8"/>
          <key-binding alias="null" key="From_9"/>
          <key-binding alias="null" key="To_9"/>
        </pipelet-node>
        <node-display x="0" y="1"/>
      </node>
      <simple-transition>
        <transition-display>
          <bend-point relative-to="source" x="0" y="1"/>
        </transition-display>
      </simple-transition>
      <node>
        <pipelet-node pipelet-name="ClearFormElement" pipelet-set-identifier="bc_api">
          <key-binding alias="CurrentForms.login" key="FormElement"/>
        </pipelet-node>
        <node-display x="0" y="1"/>
      </node>
      <simple-transition/>
      <node>
        <pipelet-node pipelet-name="UpdatePageMetaData" pipelet-set-identifier="bc_api">
          <key-binding alias="null" key="DefaultKeywords"/>
          <key-binding alias="null" key="DefaultDescription"/>
          <key-binding alias="null" key="Product"/>
          <key-binding alias="null" key="Category"/>
          <key-binding alias="dw.content.ContentMgr.getContent(&quot;myaccount-login&quot;)" key="Content"/>
        </pipelet-node>
        <node-display x="0" y="1"/>
      </node>
      <simple-transition/>
      <node>
        <pipelet-node pipelet-name="Assign" pipelet-set-identifier="bc_api">
          <config-property key="Transactional" value="false"/>
          <key-binding alias="null" key="From_0"/>
          <key-binding alias="null" key="To_0"/>
          <key-binding alias="false" key="From_1"/>
          <key-binding alias="RegistrationStatus" key="To_1"/>
          <key-binding alias="null" key="From_2"/>
          <key-binding alias="null" key="To_2"/>
          <key-binding alias="null" key="From_3"/>
          <key-binding alias="null" key="To_3"/>
          <key-binding alias="null" key="From_4"/>
          <key-binding alias="null" key="To_4"/>
          <key-binding alias="null" key="From_5"/>
          <key-binding alias="null" key="To_5"/>
          <key-binding alias="null" key="From_6"/>
          <key-binding alias="null" key="To_6"/>
          <key-binding alias="null" key="From_7"/>
          <key-binding alias="null" key="To_7"/>
          <key-binding alias="null" key="From_8"/>
          <key-binding alias="null" key="To_8"/>
          <key-binding alias="null" key="From_9"/>
          <key-binding alias="null" key="To_9"/>
        </pipelet-node>
        <node-display x="0" y="1"/>
      </node>
      <transition target-connector="in1" target-path="./+1"/>
    </segment>
    <segment>
      <node>
        <join-node/>
        <node-display x="0" y="1"/>
      </node>
      <simple-transition/>
      <node>
        <interaction-continue-node secure="true" start-name="submitForm" transaction-required="false">
          <template buffered="true" dynamic="false" name="account/login/accountlogin"/>
        </interaction-continue-node>
        <node-display x="0" y="1"/>
        <branch basename="b2" source-connector="login">
          <transition target-connector="in">
            <transition-display>
              <bend-point relative-to="target" x="0" y="-1"/>
            </transition-display>
          </transition>
          <segment>
            <node>
              <call-node start-name-ref="Login-Process"/>
              <node-display x="0" y="2"/>
              <branch basename="b2" source-connector="login_failed">
                <transition target-connector="in1" target-path="..">
                  <transition-display>
                    <bend-point relative-to="source" x="-3" y="-3"/>
                    <bend-point relative-to="target" x="-3" y="0"/>
                  </transition-display>
                </transition>
              </branch>
              <branch basename="b3" source-connector="login_succeeded">
                <transition target-connector="in">
                  <transition-display>
                    <bend-point relative-to="target" x="0" y="-1"/>
                  </transition-display>
                </transition>
                <segment>
                  <node>
                    <jump-node start-name-ref="Login-Redirect"/>
                    <node-display x="0" y="2"/>
                  </node>
                </segment>
              </branch>
            </node>
          </segment>
        </branch>
        <branch basename="b3" source-connector="register">
          <transition target-connector="in">
            <transition-display>
              <bend-point relative-to="target" x="0" y="-1"/>
            </transition-display>
          </transition>
          <segment>
            <node>
              <call-node start-name-ref="Account-Register"/>
              <node-display x="2" y="2"/>
              <branch basename="b2" source-connector="ok">
                <transition target-connector="in">
                  <transition-display>
                    <bend-point relative-to="target" x="0" y="-1"/>
                  </transition-display>
                </transition>
                <segment>
                  <node>
                    <jump-node start-name-ref="Login-Redirect"/>
                    <node-display x="0" y="2"/>
                  </node>
                </segment>
              </branch>
            </node>
          </segment>
        </branch>
      </node>
      <transition target-connector="in2" target-path=".">
        <transition-display>
          <bend-point relative-to="source" x="-3" y="1"/>
          <bend-point relative-to="source" x="-3" y="1"/>
          <bend-point relative-to="target" x="-3" y="0"/>
        </transition-display>
      </transition>
    </segment>
  </branch>
  <branch basename="_ANONYMOUS_BRANCH_7">
    <segment>
      <node>
        <text-node>
          <description>Product List Email</description>
        </text-node>
        <node-display x="0" y="11"/>
      </node>
    </segment>
  </branch>
  <branch basename="_ANONYMOUS_BRANCH_8">
    <segment>
      <node>
        <text-node>
          <description>Product Email</description>
        </text-node>
        <node-display x="0" y="12"/>
      </node>
    </segment>
  </branch>
  <branch basename="_ANONYMOUS_BRANCH_9">
    <segment>
      <node>
        <text-node>
          <description>Default</description>
        </text-node>
        <node-display x="0" y="13"/>
      </node>
    </segment>
  </branch>
</pipeline>
