<?xml version="1.0" encoding="UTF-8" ?>
<?demandware-pipeline version="2.0"?>

<pipeline group="ProductList">
  <branch basename="_ANONYMOUS_BRANCH_1">
    <segment>
      <node>
        <text-node>
          <description>Contains the login procedure specific for the wishlist.</description>
        </text-node>
        <node-display x="2" y="1"/>
      </node>
    </segment>
  </branch>
  <branch basename="RequireLogin">
    <segment>
      <node>
        <start-node call-mode="private" name="RequireLogin" secure="false"/>
        <node-display x="2" y="2"/>
      </node>
      <simple-transition>
        <transition-display>
          <bend-point relative-to="source" x="0" y="1"/>
          <bend-point relative-to="target" x="-1" y="0"/>
        </transition-display>
      </simple-transition>
      <node>
        <decision-node condition-key="CurrentCustomer.authenticated" condition-operator="expr"/>
        <node-display orientation="horizontal" x="0" y="1"/>
        <branch basename="b2" source-connector="yes">
          <transition target-connector="in">
            <transition-display>
              <bend-point relative-to="source" x="1" y="0"/>
            </transition-display>
          </transition>
          <segment>
            <node>
              <end-node/>
              <node-display orientation="horizontal" x="1" y="0"/>
            </node>
          </segment>
        </branch>
      </node>
      <simple-transition>
        <transition-display>
          <bend-point relative-to="source" x="0" y="1"/>
        </transition-display>
      </simple-transition>
      <node>
        <call-node start-name-ref="Wishlist-ClearForms"/>
        <node-display x="0" y="1"/>
      </node>
      <simple-transition/>
      <node>
        <pipelet-node pipelet-name="Assign" pipelet-set-identifier="bc_api">
          <config-property key="Transactional" value="false"/>
          <key-binding alias="null" key="From_0"/>
          <key-binding alias="null" key="To_0"/>
          <key-binding alias="false" key="From_1"/>
          <key-binding alias="null" key="From_2"/>
          <key-binding alias="null" key="To_2"/>
          <key-binding alias="null" key="From_3"/>
          <key-binding alias="null" key="To_3"/>
          <key-binding alias="null" key="From_4"/>
          <key-binding alias="null" key="To_4"/>
          <key-binding alias="null" key="From_5"/>
          <key-binding alias="null" key="To_5"/>
          <key-binding alias="null" key="From_6"/>
          <key-binding alias="null" key="To_6"/>
          <key-binding alias="null" key="From_7"/>
          <key-binding alias="null" key="To_7"/>
          <key-binding alias="null" key="From_8"/>
          <key-binding alias="null" key="To_8"/>
          <key-binding alias="null" key="From_9"/>
          <key-binding alias="null" key="To_9"/>
          <key-binding alias="RegistrationStatus" key="To_1"/>
        </pipelet-node>
        <node-display x="0" y="1"/>
      </node>
      <simple-transition/>
      <node>
        <decision-node condition-key="CurrentCustomer.registered" condition-operator="expr"/>
        <node-display x="0" y="1"/>
        <branch basename="b3" source-connector="yes">
          <transition target-connector="in">
            <transition-display>
              <bend-point relative-to="source" x="0" y="1"/>
            </transition-display>
          </transition>
          <segment>
            <node>
              <pipelet-node custom-name="Preset username" pipelet-name="Assign" pipelet-set-identifier="bc_api">
                <key-binding alias="CurrentCustomer.profile.credentials.login" key="From_0"/>
                <key-binding alias="CurrentForms.login.username.value" key="To_0"/>
                <key-binding alias="true" key="From_1"/>
                <key-binding alias="CurrentForms.login.rememberme.value" key="To_1"/>
                <key-binding alias="null" key="From_2"/>
                <key-binding alias="null" key="To_2"/>
                <key-binding alias="null" key="From_3"/>
                <key-binding alias="null" key="To_3"/>
                <key-binding alias="null" key="From_4"/>
                <key-binding alias="null" key="To_4"/>
                <key-binding alias="null" key="From_5"/>
                <key-binding alias="null" key="To_5"/>
                <key-binding alias="null" key="From_6"/>
                <key-binding alias="null" key="To_6"/>
                <key-binding alias="null" key="From_7"/>
                <key-binding alias="null" key="To_7"/>
                <key-binding alias="null" key="From_8"/>
                <key-binding alias="null" key="To_8"/>
                <key-binding alias="null" key="From_9"/>
                <key-binding alias="null" key="To_9"/>
              </pipelet-node>
              <node-display x="0" y="1"/>
            </node>
            <transition target-connector="in1" target-path="../+1"/>
          </segment>
        </branch>
      </node>
      <transition target-connector="in3" target-path="./+1">
        <transition-display>
          <bend-point relative-to="source" x="1" y="0"/>
          <bend-point relative-to="target" x="1" y="0"/>
        </transition-display>
      </transition>
    </segment>
    <segment>
      <node>
        <join-node/>
        <node-display x="0" y="2"/>
      </node>
      <simple-transition>
        <transition-display>
          <bend-point relative-to="source" x="0" y="1"/>
        </transition-display>
      </simple-transition>
      <node>
        <pipelet-node pipelet-name="UpdatePageMetaData" pipelet-set-identifier="bc_api">
          <key-binding alias="null" key="DefaultKeywords"/>
          <key-binding alias="null" key="DefaultDescription"/>
          <key-binding alias="null" key="Product"/>
          <key-binding alias="null" key="Category"/>
          <key-binding alias="dw.content.ContentMgr.getContent(&quot;myaccount-login&quot;)" key="Content"/>
        </pipelet-node>
        <node-display x="0" y="1"/>
      </node>
      <transition target-connector="in1" target-path="./+1"/>
    </segment>
    <segment>
      <node>
        <join-node/>
        <node-display x="0" y="1"/>
      </node>
      <simple-transition/>
      <node>
        <interaction-continue-node secure="false" start-name="SubmitFormLanding" transaction-required="false">
          <template buffered="true" dynamic="false" name="account/wishlist/wishlistlanding"/>
        </interaction-continue-node>
        <node-display x="0" y="1"/>
        <branch basename="b2" source-connector="login">
          <transition target-connector="in">
            <transition-display>
              <bend-point relative-to="target" x="0" y="-1"/>
            </transition-display>
          </transition>
          <segment>
            <node>
              <call-node start-name-ref="Login-Process"/>
              <node-display x="0" y="2"/>
              <branch basename="b2" source-connector="login_failed">
                <transition target-connector="in1" target-path="..">
                  <transition-display>
                    <bend-point relative-to="target" x="4" y="0"/>
                  </transition-display>
                </transition>
              </branch>
              <branch basename="b3" source-connector="login_succeeded">
                <transition target-connector="in">
                  <transition-display>
                    <bend-point relative-to="target" x="0" y="-1"/>
                  </transition-display>
                </transition>
                <segment>
                  <node>
                    <end-node/>
                    <node-display x="0" y="2"/>
                  </node>
                </segment>
              </branch>
            </node>
          </segment>
        </branch>
        <branch basename="b3" source-connector="register">
          <transition target-connector="in">
            <transition-display>
              <bend-point relative-to="target" x="0" y="-1"/>
            </transition-display>
          </transition>
          <segment>
            <node>
              <call-node start-name-ref="Account-Register"/>
              <node-display x="-2" y="2"/>
            </node>
            <simple-transition>
              <transition-display>
                <bend-point relative-to="source" x="0" y="1"/>
              </transition-display>
            </simple-transition>
            <node>
              <end-node/>
              <node-display x="0" y="1"/>
            </node>
          </segment>
        </branch>
        <branch basename="b4" source-connector="search">
          <transition target-connector="in">
            <transition-display>
              <bend-point relative-to="target" x="0" y="-1"/>
            </transition-display>
          </transition>
          <segment>
            <node>
              <call-node start-name-ref="Wishlist-Search"/>
              <node-display x="-1" y="2"/>
            </node>
            <simple-transition>
              <transition-display>
                <bend-point relative-to="source" x="0" y="1"/>
              </transition-display>
            </simple-transition>
            <node>
              <end-node/>
              <node-display x="0" y="1"/>
            </node>
          </segment>
        </branch>
      </node>
    </segment>
  </branch>
  <branch basename="_ANONYMOUS_BRANCH_3">
    <segment>
      <node>
        <text-node>
          <description>Renders the wishlist page.</description>
        </text-node>
        <node-display x="6" y="0"/>
      </node>
    </segment>
  </branch>
  <branch basename="Show">
    <segment>
      <node>
        <start-node name="Show" secure="true">
          <description>Start node used to</description>
        </start-node>
        <node-display x="6" y="1"/>
      </node>
      <simple-transition/>
      <node>
        <pipelet-node pipelet-name="Assign" pipelet-set-identifier="bc_api">
          <config-property key="Transactional" value="false"/>
          <key-binding alias="&quot;Wishlist-Show&quot;" key="From_0"/>
          <key-binding alias="TargetPipeline" key="To_0"/>
          <key-binding alias="null" key="From_1"/>
          <key-binding alias="null" key="To_1"/>
          <key-binding alias="null" key="From_2"/>
          <key-binding alias="null" key="To_2"/>
          <key-binding alias="null" key="From_3"/>
          <key-binding alias="null" key="To_3"/>
          <key-binding alias="null" key="From_4"/>
          <key-binding alias="null" key="To_4"/>
          <key-binding alias="null" key="From_5"/>
          <key-binding alias="null" key="To_5"/>
          <key-binding alias="null" key="From_6"/>
          <key-binding alias="null" key="To_6"/>
          <key-binding alias="null" key="From_7"/>
          <key-binding alias="null" key="To_7"/>
          <key-binding alias="null" key="From_8"/>
          <key-binding alias="null" key="To_8"/>
          <key-binding alias="null" key="From_9"/>
          <key-binding alias="null" key="To_9"/>
        </pipelet-node>
        <node-display x="0" y="1"/>
      </node>
      <simple-transition/>
      <node>
        <call-node start-name-ref="Wishlist-RequireLogin"/>
        <node-display x="0" y="1"/>
      </node>
      <simple-transition/>
      <node>
        <pipelet-node pipelet-name="ClearFormElement" pipelet-set-identifier="bc_api">
          <key-binding alias="CurrentForms.wishlist" key="FormElement"/>
        </pipelet-node>
        <node-display x="0" y="1"/>
      </node>
      <transition target-connector="in1" target-path="./+1"/>
    </segment>
    <segment>
      <node>
        <join-node/>
        <node-display x="0" y="1"/>
      </node>
      <simple-transition>
        <transition-display>
          <bend-point relative-to="source" x="0" y="1"/>
        </transition-display>
      </simple-transition>
      <node>
        <call-node start-name-ref="Wishlist-FetchWishList"/>
        <node-display x="0" y="1"/>
      </node>
      <simple-transition/>
      <node>
        <pipelet-node pipelet-name="UpdateFormWithObject" pipelet-set-identifier="bc_api">
          <config-property key="Clear" value="false"/>
          <key-binding alias="CurrentForms.wishlist.items" key="Form"/>
          <key-binding alias="ProductList.items" key="Object"/>
        </pipelet-node>
        <node-display x="0" y="1"/>
      </node>
      <simple-transition/>
      <node>
        <call-node start-name-ref="Wishlist-InitAddressBook"/>
        <node-display x="0" y="1"/>
      </node>
      <simple-transition/>
      <node>
        <pipelet-node pipelet-name="UpdatePageMetaData" pipelet-set-identifier="bc_api">
          <key-binding alias="null" key="DefaultKeywords"/>
          <key-binding alias="null" key="DefaultDescription"/>
          <key-binding alias="null" key="Product"/>
          <key-binding alias="null" key="Category"/>
          <key-binding alias="dw.content.ContentMgr.getContent(&quot;myaccount-wishlist&quot;)" key="Content"/>
        </pipelet-node>
        <node-display x="0" y="1"/>
      </node>
      <simple-transition/>
      <node>
        <interaction-continue-node secure="false" start-name="SubmitForm" transaction-required="false">
          <template buffered="true" dynamic="false" name="account/wishlist/wishlist"/>
        </interaction-continue-node>
        <node-display x="0" y="1"/>
        <branch basename="b2" source-connector="addGiftCertificate">
          <transition target-connector="in">
            <transition-display>
              <bend-point relative-to="target" x="0" y="-1"/>
            </transition-display>
          </transition>
          <segment>
            <node>
              <pipelet-node pipelet-name="AddGiftCertificateToProductList" pipelet-set-identifier="bc_api">
                <key-binding alias="ProductList" key="ProductList"/>
                <key-binding alias="0" key="Priority"/>
                <key-binding alias="GiftCertificate" key="ProductListItem"/>
              </pipelet-node>
              <node-display x="3" y="4"/>
              <branch basename="b2" source-connector="error">
                <transition target-connector="in1" target-path="./+1"/>
              </branch>
            </node>
            <transition target-connector="in1" target-path="./+1">
              <transition-display>
                <bend-point relative-to="source" x="0" y="1"/>
                <bend-point relative-to="source" x="0" y="4"/>
              </transition-display>
            </transition>
          </segment>
          <segment>
            <node>
              <join-node/>
              <node-display x="2" y="2"/>
            </node>
            <transition target-connector="in1" target-path="../+1"/>
          </segment>
        </branch>
        <branch basename="b3" source-connector="deleteItem">
          <transition target-connector="in">
            <transition-display>
              <bend-point relative-to="target" x="0" y="-1"/>
            </transition-display>
          </transition>
          <segment>
            <node>
              <pipelet-node pipelet-name="RemoveProductListItem" pipelet-set-identifier="bc_api">
                <key-binding alias="TriggeredAction.object" key="ProductListItem"/>
              </pipelet-node>
              <node-display x="2" y="4"/>
            </node>
            <transition target-connector="in2" target-path="./+1"/>
          </segment>
          <segment>
            <node>
              <join-node/>
              <node-display x="0" y="2"/>
            </node>
            <transition target-connector="in1" target-path="../b2.2"/>
          </segment>
        </branch>
        <branch basename="b4" source-connector="selectAddressWishlist">
          <transition target-connector="in">
            <transition-display>
              <bend-point relative-to="target" x="0" y="-1"/>
            </transition-display>
          </transition>
          <segment>
            <node>
              <jump-node start-name-ref="Wishlist-SetShippingAddress"/>
              <node-display x="-3" y="4"/>
            </node>
          </segment>
        </branch>
        <branch basename="b5" source-connector="setItemPrivate">
          <transition target-connector="in">
            <transition-display>
              <bend-point relative-to="target" x="0" y="-1"/>
            </transition-display>
          </transition>
          <segment>
            <node>
              <pipelet-node pipelet-name="Assign" pipelet-set-identifier="bc_api">
                <config-property key="Transactional" value="true"/>
                <key-binding alias="false" key="From_0"/>
                <key-binding alias="TriggeredAction.object.public" key="To_0"/>
                <key-binding alias="null" key="From_1"/>
                <key-binding alias="null" key="To_1"/>
                <key-binding alias="null" key="From_2"/>
                <key-binding alias="null" key="To_2"/>
                <key-binding alias="null" key="From_3"/>
                <key-binding alias="null" key="To_3"/>
                <key-binding alias="null" key="From_4"/>
                <key-binding alias="null" key="To_4"/>
                <key-binding alias="null" key="From_5"/>
                <key-binding alias="null" key="To_5"/>
                <key-binding alias="null" key="From_6"/>
                <key-binding alias="null" key="To_6"/>
                <key-binding alias="null" key="From_7"/>
                <key-binding alias="null" key="To_7"/>
                <key-binding alias="null" key="From_8"/>
                <key-binding alias="null" key="To_8"/>
                <key-binding alias="null" key="From_9"/>
                <key-binding alias="null" key="To_9"/>
              </pipelet-node>
              <node-display x="-1" y="4"/>
            </node>
            <transition target-connector="in2" target-path="./+1"/>
          </segment>
          <segment>
            <node>
              <join-node/>
              <node-display x="0" y="2"/>
            </node>
            <transition target-connector="in1" target-path="./+1"/>
          </segment>
          <segment>
            <node>
              <join-node/>
              <node-display x="1" y="0"/>
            </node>
            <transition target-connector="in1" target-path="./+1"/>
          </segment>
          <segment>
            <node>
              <join-node/>
              <node-display x="1" y="0"/>
            </node>
            <transition target-connector="in1" target-path="../b3.2"/>
          </segment>
        </branch>
        <branch basename="b6" source-connector="setItemPublic">
          <transition target-connector="in">
            <transition-display>
              <bend-point relative-to="target" x="0" y="-1"/>
            </transition-display>
          </transition>
          <segment>
            <node>
              <pipelet-node pipelet-name="Assign" pipelet-set-identifier="bc_api">
                <config-property key="Transactional" value="true"/>
                <key-binding alias="true" key="From_0"/>
                <key-binding alias="TriggeredAction.object.public" key="To_0"/>
                <key-binding alias="null" key="From_1"/>
                <key-binding alias="null" key="To_1"/>
                <key-binding alias="null" key="From_2"/>
                <key-binding alias="null" key="To_2"/>
                <key-binding alias="null" key="From_3"/>
                <key-binding alias="null" key="To_3"/>
                <key-binding alias="null" key="From_4"/>
                <key-binding alias="null" key="To_4"/>
                <key-binding alias="null" key="From_5"/>
                <key-binding alias="null" key="To_5"/>
                <key-binding alias="null" key="From_6"/>
                <key-binding alias="null" key="To_6"/>
                <key-binding alias="null" key="From_7"/>
                <key-binding alias="null" key="To_7"/>
                <key-binding alias="null" key="From_8"/>
                <key-binding alias="null" key="To_8"/>
                <key-binding alias="null" key="From_9"/>
                <key-binding alias="null" key="To_9"/>
              </pipelet-node>
              <node-display x="-2" y="4"/>
            </node>
            <transition target-connector="in1" target-path="./+1"/>
          </segment>
          <segment>
            <node>
              <join-node/>
              <node-display x="0" y="2"/>
            </node>
            <transition target-connector="in1" target-path="../b5.2"/>
          </segment>
        </branch>
        <branch basename="b7" source-connector="setListPrivate">
          <transition target-connector="in">
            <transition-display>
              <bend-point relative-to="target" x="0" y="-1"/>
            </transition-display>
          </transition>
          <segment>
            <node>
              <pipelet-node pipelet-name="Assign" pipelet-set-identifier="bc_api">
                <config-property key="Transactional" value="true"/>
                <key-binding alias="false" key="From_0"/>
                <key-binding alias="ProductList.public" key="To_0"/>
                <key-binding alias="null" key="From_1"/>
                <key-binding alias="null" key="To_1"/>
                <key-binding alias="null" key="From_2"/>
                <key-binding alias="null" key="To_2"/>
                <key-binding alias="null" key="From_3"/>
                <key-binding alias="null" key="To_3"/>
                <key-binding alias="null" key="From_4"/>
                <key-binding alias="null" key="To_4"/>
                <key-binding alias="null" key="From_5"/>
                <key-binding alias="null" key="To_5"/>
                <key-binding alias="null" key="From_6"/>
                <key-binding alias="null" key="To_6"/>
                <key-binding alias="null" key="From_7"/>
                <key-binding alias="null" key="To_7"/>
                <key-binding alias="null" key="From_8"/>
                <key-binding alias="null" key="To_8"/>
                <key-binding alias="null" key="From_9"/>
                <key-binding alias="null" key="To_9"/>
              </pipelet-node>
              <node-display x="1" y="4"/>
            </node>
            <simple-transition/>
            <node>
              <pipelet-node pipelet-name="Script" pipelet-set-identifier="bc_api">
                <config-property key="Transactional" value="true"/>
                <config-property key="OnError" value="PIPELET_ERROR"/>
                <config-property key="ScriptFile" value="productlist/MakeItemsPrivate.ds"/>
                <key-binding alias="null" key="ScriptLog"/>
                <key-binding alias="ProductList" key="ProductList"/>
              </pipelet-node>
              <node-display x="0" y="1"/>
              <branch basename="b2" source-connector="error">
                <transition target-connector="in1" target-path="../b5.4"/>
              </branch>
            </node>
            <transition target-connector="in2" target-path="../b5.4"/>
          </segment>
        </branch>
        <branch basename="b8" source-connector="setListPublic">
          <transition target-connector="in">
            <transition-display>
              <bend-point relative-to="target" x="0" y="-1"/>
            </transition-display>
          </transition>
          <segment>
            <node>
              <pipelet-node pipelet-name="Assign" pipelet-set-identifier="bc_api">
                <config-property key="Transactional" value="true"/>
                <key-binding alias="true" key="From_0"/>
                <key-binding alias="ProductList.public" key="To_0"/>
                <key-binding alias="null" key="From_1"/>
                <key-binding alias="null" key="To_1"/>
                <key-binding alias="null" key="From_2"/>
                <key-binding alias="null" key="To_2"/>
                <key-binding alias="null" key="From_3"/>
                <key-binding alias="null" key="To_3"/>
                <key-binding alias="null" key="From_4"/>
                <key-binding alias="null" key="To_4"/>
                <key-binding alias="null" key="From_5"/>
                <key-binding alias="null" key="To_5"/>
                <key-binding alias="null" key="From_6"/>
                <key-binding alias="null" key="To_6"/>
                <key-binding alias="null" key="From_7"/>
                <key-binding alias="null" key="To_7"/>
                <key-binding alias="null" key="From_8"/>
                <key-binding alias="null" key="To_8"/>
                <key-binding alias="null" key="From_9"/>
                <key-binding alias="null" key="To_9"/>
              </pipelet-node>
              <node-display x="0" y="4"/>
            </node>
            <simple-transition/>
            <node>
              <pipelet-node pipelet-name="Script" pipelet-set-identifier="bc_api">
                <config-property key="Transactional" value="true"/>
                <config-property key="OnError" value="PIPELET_ERROR"/>
                <config-property key="ScriptFile" value="productlist/MakeItemsPublic.ds"/>
                <key-binding alias="null" key="ScriptLog"/>
                <key-binding alias="ProductList" key="ProductList"/>
              </pipelet-node>
              <node-display x="0" y="1"/>
              <branch basename="b2" source-connector="error">
                <transition target-connector="in1" target-path="../b5.3"/>
              </branch>
            </node>
            <transition target-connector="in2" target-path="../b5.3"/>
          </segment>
        </branch>
        <branch basename="b9" source-connector="updateItem">
          <transition target-connector="in">
            <transition-display>
              <bend-point relative-to="target" x="0" y="-1"/>
            </transition-display>
          </transition>
          <segment>
            <node>
              <pipelet-node pipelet-name="UpdateObjectWithForm" pipelet-set-identifier="bc_api">
                <key-binding alias="TriggeredAction.parent" key="Form"/>
                <key-binding alias="TriggeredAction.object" key="Object"/>
              </pipelet-node>
              <node-display x="4" y="4"/>
              <branch basename="b2" source-connector="error">
                <transition target-connector="in1" target-path="../b2.2"/>
              </branch>
            </node>
            <transition target-connector="in1" target-path="../b2.2"/>
          </segment>
        </branch>
      </node>
      <transition target-connector="in1" target-path="./+1"/>
    </segment>
    <segment>
      <node>
        <join-node/>
        <node-display x="3" y="0"/>
      </node>
      <transition target-connector="in3" target-path="./-1"/>
    </segment>
  </branch>
  <branch basename="_ANONYMOUS_BRANCH_5">
    <segment>
      <node>
        <text-node>
          <description>Expects: UserID</description>
        </text-node>
        <node-display x="9" y="1"/>
      </node>
    </segment>
  </branch>
  <branch basename="ShowOther">
    <segment>
      <node>
        <start-node name="ShowOther" secure="false"/>
        <node-display x="9" y="2"/>
      </node>
      <simple-transition>
        <transition-display>
          <bend-point relative-to="source" x="0" y="1"/>
        </transition-display>
      </simple-transition>
      <node>
        <pipelet-node pipelet-name="ClearFormElement" pipelet-set-identifier="bc_api">
          <key-binding alias="CurrentForms.wishlist.send" key="FormElement"/>
        </pipelet-node>
        <node-display x="0" y="1"/>
      </node>
      <simple-transition/>
      <node>
        <pipelet-node pipelet-name="GetProductList" pipelet-set-identifier="bc_api">
          <config-property key="Create" value="false"/>
          <key-binding alias="null" key="Type"/>
          <key-binding alias="ProductList" key="ProductList"/>
          <key-binding alias="null" key="Customer"/>
          <key-binding alias="CurrentHttpParameterMap.WishListID.value" key="ProductListID"/>
        </pipelet-node>
        <node-display x="0" y="1"/>
        <branch basename="b2" source-connector="error">
          <transition target-connector="in1" target-path="./+1">
            <transition-display>
              <bend-point relative-to="source" x="1" y="0"/>
              <bend-point relative-to="target" x="1" y="0"/>
            </transition-display>
          </transition>
        </branch>
      </node>
      <simple-transition>
        <transition-display>
          <bend-point relative-to="source" x="0" y="1"/>
        </transition-display>
      </simple-transition>
      <node>
        <pipelet-node pipelet-name="UpdateFormWithObject" pipelet-set-identifier="bc_api">
          <config-property key="Clear" value="false"/>
          <key-binding alias="CurrentForms.wishlist.items" key="Form"/>
          <key-binding alias="ProductList.items" key="Object"/>
        </pipelet-node>
        <node-display x="0" y="1"/>
      </node>
      <transition target-connector="in1" target-path="./+1"/>
    </segment>
    <segment>
      <node>
        <join-node/>
        <node-display x="0" y="1"/>
      </node>
      <simple-transition>
        <transition-display>
          <bend-point relative-to="source" x="0" y="1"/>
        </transition-display>
      </simple-transition>
      <node>
        <interaction-node transaction-required="false">
          <description>SubmitFormOther</description>
          <template buffered="true" dynamic="false" name="account/wishlist/wishlist"/>
        </interaction-node>
        <node-display x="0" y="1"/>
      </node>
    </segment>
  </branch>
  <branch basename="_ANONYMOUS_BRANCH_7">
    <segment>
      <node>
        <text-node>
          <description>Expects: Product or ProductID or pid</description>
        </text-node>
        <node-display x="12" y="1"/>
      </node>
    </segment>
  </branch>
  <branch basename="AddProduct">
    <segment>
      <node>
        <start-node call-mode="private" name="AddProduct" secure="false"/>
        <node-display x="12" y="2"/>
      </node>
      <simple-transition/>
      <node>
        <decision-node condition-key="Product" condition-operator="expr"/>
        <node-display x="0" y="1"/>
        <branch basename="b2" source-connector="yes">
          <transition target-connector="in1" target-path="./+2">
            <transition-display>
              <bend-point relative-to="source" x="-1" y="1"/>
              <bend-point relative-to="target" x="-1" y="0"/>
            </transition-display>
          </transition>
        </branch>
      </node>
      <simple-transition>
        <transition-display>
          <bend-point relative-to="source" x="1" y="0"/>
          <bend-point relative-to="source" x="1" y="1"/>
          <bend-point relative-to="source" x="0" y="1"/>
        </transition-display>
      </simple-transition>
      <node>
        <decision-node condition-key="CurrentHttpParameterMap.pid.stringValue == null" condition-operator="expr"/>
        <node-display x="0" y="1"/>
        <branch basename="b3" source-connector="yes">
          <transition target-connector="in1" target-path="./+1"/>
        </branch>
      </node>
      <simple-transition>
        <transition-display>
          <bend-point relative-to="source" x="1" y="0"/>
        </transition-display>
      </simple-transition>
      <node>
        <pipelet-node pipelet-name="Assign" pipelet-set-identifier="bc_api">
          <config-property key="Transactional" value="false"/>
          <key-binding alias="CurrentHttpParameterMap.pid.stringValue" key="From_0"/>
          <key-binding alias="ProductID" key="To_0"/>
          <key-binding alias="null" key="From_1"/>
          <key-binding alias="null" key="To_1"/>
          <key-binding alias="null" key="From_2"/>
          <key-binding alias="null" key="To_2"/>
          <key-binding alias="null" key="From_3"/>
          <key-binding alias="null" key="To_3"/>
          <key-binding alias="null" key="From_4"/>
          <key-binding alias="null" key="To_4"/>
          <key-binding alias="null" key="From_5"/>
          <key-binding alias="null" key="To_5"/>
          <key-binding alias="null" key="From_6"/>
          <key-binding alias="null" key="To_6"/>
          <key-binding alias="null" key="From_7"/>
          <key-binding alias="null" key="To_7"/>
          <key-binding alias="null" key="From_8"/>
          <key-binding alias="null" key="To_8"/>
          <key-binding alias="null" key="From_9"/>
          <key-binding alias="null" key="To_9"/>
        </pipelet-node>
        <node-display orientation="horizontal" x="1" y="0"/>
      </node>
      <transition target-connector="in1" target-path="./+1">
        <transition-display>
          <bend-point relative-to="source" x="1" y="0"/>
          <bend-point relative-to="source" x="1" y="2"/>
        </transition-display>
      </transition>
    </segment>
    <segment>
      <node>
        <join-node/>
        <node-display x="-1" y="1"/>
      </node>
      <simple-transition>
        <transition-display>
          <bend-point relative-to="source" x="0" y="1"/>
        </transition-display>
      </simple-transition>
      <node>
        <pipelet-node pipelet-name="GetProduct" pipelet-set-identifier="bc_api">
          <key-binding alias="Product" key="Product"/>
          <key-binding alias="ProductID" key="ProductID"/>
        </pipelet-node>
        <node-display x="0" y="1"/>
        <branch basename="b2" source-connector="error">
          <transition target-connector="in">
            <transition-display>
              <bend-point relative-to="source" x="1" y="0"/>
            </transition-display>
          </transition>
          <segment>
            <node>
              <end-node name="error"/>
              <node-display orientation="horizontal" x="1" y="0"/>
            </node>
          </segment>
        </branch>
      </node>
      <transition target-connector="in1" target-path="./+1"/>
    </segment>
    <segment>
      <node>
        <join-node/>
        <node-display x="0" y="1"/>
      </node>
      <simple-transition>
        <transition-display>
          <bend-point relative-to="source" x="0" y="1"/>
        </transition-display>
      </simple-transition>
      <node>
        <pipelet-node pipelet-name="UpdateProductOptionSelections" pipelet-set-identifier="bc_api">
          <key-binding alias="ProductOptionModel" key="ProductOptionModel"/>
          <key-binding alias="Product" key="Product"/>
        </pipelet-node>
        <node-display x="0" y="1"/>
      </node>
      <simple-transition>
        <transition-display>
          <bend-point relative-to="source" x="0" y="1"/>
        </transition-display>
      </simple-transition>
      <node>
        <call-node start-name-ref="Wishlist-FetchWishList"/>
        <node-display x="0" y="1"/>
      </node>
      <simple-transition>
        <transition-display>
          <bend-point relative-to="source" x="0" y="1"/>
        </transition-display>
      </simple-transition>
      <node>
        <pipelet-node pipelet-name="AddProductToProductList" pipelet-set-identifier="bc_api">
          <key-binding alias="Product" key="Product"/>
          <key-binding alias="ProductList" key="ProductList"/>
          <key-binding alias="CurrentHttpParameterMap.Quantity.doubleValue" key="Quantity"/>
          <key-binding alias="null" key="ProductListItem"/>
          <key-binding alias="ProductOptionModel" key="ProductOptionModel"/>
        </pipelet-node>
        <node-display x="0" y="1"/>
      </node>
      <simple-transition>
        <transition-display>
          <bend-point relative-to="source" x="0" y="1"/>
        </transition-display>
      </simple-transition>
      <node>
        <end-node name="ok"/>
        <node-display x="0" y="1"/>
      </node>
    </segment>
  </branch>
  <branch basename="_ANONYMOUS_BRANCH_9">
    <segment>
      <node>
        <text-node>
          <description>Adds a product given by the http parameter &quot;pid&quot; to the wishlist and displays the updated wishlist.</description>
        </text-node>
        <node-display x="16" y="1"/>
      </node>
    </segment>
  </branch>
  <branch basename="_ANONYMOUS_BRANCH_10">
    <segment>
      <node>
        <text-node>
          <description>Expects (optional):
- OwnerEmail
- OwnerFirstName
- OwnerLastName</description>
        </text-node>
        <node-display x="19" y="1"/>
      </node>
    </segment>
  </branch>
  <branch basename="Add">
    <segment>
      <node>
        <start-node name="Add" secure="true"/>
        <node-display x="16" y="2"/>
      </node>
      <simple-transition/>
      <node>
        <pipelet-node pipelet-name="Assign" pipelet-set-identifier="bc_api">
          <config-property key="Transactional" value="false"/>
          <key-binding alias="&quot;Wishlist-Add&quot;" key="From_0"/>
          <key-binding alias="TargetPipeline" key="To_0"/>
          <key-binding alias="null" key="From_2"/>
          <key-binding alias="null" key="To_2"/>
          <key-binding alias="null" key="From_3"/>
          <key-binding alias="null" key="To_3"/>
          <key-binding alias="null" key="From_4"/>
          <key-binding alias="null" key="To_4"/>
          <key-binding alias="null" key="From_5"/>
          <key-binding alias="null" key="To_5"/>
          <key-binding alias="null" key="From_6"/>
          <key-binding alias="null" key="To_6"/>
          <key-binding alias="null" key="From_7"/>
          <key-binding alias="null" key="To_7"/>
          <key-binding alias="null" key="From_8"/>
          <key-binding alias="null" key="To_8"/>
          <key-binding alias="null" key="From_9"/>
          <key-binding alias="null" key="To_9"/>
          <key-binding alias="RedirectParams" key="From_1"/>
          <key-binding alias="TargetPipelineParams" key="To_1"/>
        </pipelet-node>
        <node-display x="0" y="1"/>
      </node>
      <simple-transition/>
      <node>
        <pipelet-node pipelet-name="GetProduct" pipelet-set-identifier="bc_api">
          <key-binding alias="Product" key="Product"/>
          <key-binding alias="CurrentHttpParameterMap.pid.getStringValue(&quot;&quot;)" key="ProductID"/>
        </pipelet-node>
        <node-display x="0" y="1"/>
        <branch basename="b2" source-connector="error">
          <transition target-connector="in2" target-path="./+1">
            <transition-display>
              <bend-point relative-to="source" x="3" y="0"/>
              <bend-point relative-to="target" x="3" y="0"/>
            </transition-display>
          </transition>
        </branch>
      </node>
      <simple-transition>
        <transition-display>
          <bend-point relative-to="source" x="0" y="1"/>
        </transition-display>
      </simple-transition>
      <node>
        <pipelet-node pipelet-name="UpdateProductOptionSelections" pipelet-set-identifier="bc_api">
          <key-binding alias="ProductOptionModel" key="ProductOptionModel"/>
          <key-binding alias="Product" key="Product"/>
        </pipelet-node>
        <node-display x="0" y="1"/>
      </node>
      <simple-transition>
        <transition-display>
          <bend-point relative-to="source" x="0" y="1"/>
        </transition-display>
      </simple-transition>
      <node>
        <call-node start-name-ref="Wishlist-RequireLogin"/>
        <node-display x="0" y="1"/>
      </node>
      <simple-transition>
        <transition-display>
          <bend-point relative-to="source" x="0" y="1"/>
        </transition-display>
      </simple-transition>
      <node>
        <call-node start-name-ref="Wishlist-FetchWishList"/>
        <node-display x="0" y="1"/>
      </node>
      <simple-transition/>
      <node>
        <pipelet-node pipelet-name="UpdateProductOptionSelections" pipelet-set-identifier="bc_api">
          <key-binding alias="Product" key="Product"/>
          <key-binding alias="ProductOptionModel" key="ProductOptionModel"/>
          <key-binding alias="null" key="CustomFormPrefix"/>
        </pipelet-node>
        <node-display x="0" y="1"/>
      </node>
      <simple-transition/>
      <node>
        <pipelet-node pipelet-name="AddProductToProductList" pipelet-set-identifier="bc_api">
          <key-binding alias="Product" key="Product"/>
          <key-binding alias="ProductList" key="ProductList"/>
          <key-binding alias="1" key="Quantity"/>
          <key-binding alias="ProductListItem" key="ProductListItem"/>
          <key-binding alias="ProductOptionModel" key="ProductOptionModel"/>
        </pipelet-node>
        <node-display x="0" y="1"/>
      </node>
      <simple-transition/>
      <node>
        <pipelet-node pipelet-name="Assign" pipelet-set-identifier="bc_api">
          <config-property key="Transactional" value="true"/>
          <key-binding alias="ProductList.public" key="From_0"/>
          <key-binding alias="ProductListItem.public" key="To_0"/>
          <key-binding alias="null" key="From_1"/>
          <key-binding alias="null" key="To_1"/>
          <key-binding alias="null" key="From_2"/>
          <key-binding alias="null" key="To_2"/>
          <key-binding alias="null" key="From_3"/>
          <key-binding alias="null" key="To_3"/>
          <key-binding alias="null" key="From_4"/>
          <key-binding alias="null" key="To_4"/>
          <key-binding alias="null" key="From_5"/>
          <key-binding alias="null" key="To_5"/>
          <key-binding alias="null" key="From_6"/>
          <key-binding alias="null" key="To_6"/>
          <key-binding alias="null" key="From_7"/>
          <key-binding alias="null" key="To_7"/>
          <key-binding alias="null" key="From_8"/>
          <key-binding alias="null" key="To_8"/>
          <key-binding alias="null" key="From_9"/>
          <key-binding alias="null" key="To_9"/>
        </pipelet-node>
        <node-display x="0" y="1"/>
      </node>
      <transition target-connector="in1" target-path="./+1"/>
    </segment>
    <segment>
      <node>
        <join-node/>
        <node-display x="0" y="1"/>
      </node>
      <simple-transition/>
      <node>
        <jump-node start-name-ref="Wishlist-Show"/>
        <node-display x="0" y="1"/>
      </node>
    </segment>
  </branch>
  <branch basename="Search">
    <segment>
      <node>
        <start-node name="Search" secure="true"/>
        <node-display x="19" y="2"/>
      </node>
      <simple-transition/>
      <node>
        <decision-node condition-key="CurrentForms.wishlist.search.valid &amp;&amp; (!empty(CurrentForms.wishlist.search.email.value) || (!empty(CurrentForms.wishlist.search.firstname.value) &amp;&amp; !empty(CurrentForms.wishlist.search.lastname.value)) )" condition-operator="expr"/>
        <node-display x="0" y="1"/>
        <branch basename="b2" source-connector="yes">
          <transition target-connector="in"/>
          <segment>
            <node>
              <pipelet-node pipelet-name="SearchProductLists" pipelet-set-identifier="bc_api">
                <config-property key="PublicOnly" value="true"/>
                <key-binding alias="ProductLists" key="ProductLists"/>
                <key-binding alias="null" key="EventType"/>
                <key-binding alias="null" key="EventDate"/>
                <key-binding alias="null" key="EventCity"/>
                <key-binding alias="null" key="EventState"/>
                <key-binding alias="null" key="EventCountry"/>
                <key-binding alias="null" key="RegistrantFirstName"/>
                <key-binding alias="null" key="RegistrantLastName"/>
                <key-binding alias="dw.customer.ProductList.TYPE_WISH_LIST" key="Type"/>
                <key-binding alias="null" key="EventMonth"/>
                <key-binding alias="null" key="EventYear"/>
                <key-binding alias="CurrentForms.wishlist.search.firstname.value" key="OwnerFirstName"/>
                <key-binding alias="CurrentForms.wishlist.search.lastname.value" key="OwnerLastName"/>
                <key-binding alias="CurrentForms.wishlist.search.email.value" key="OwnerEmail"/>
              </pipelet-node>
              <node-display x="0" y="1"/>
            </node>
            <simple-transition/>
            <node>
              <pipelet-node pipelet-name="UpdateFormWithObject" pipelet-set-identifier="bc_api">
                <config-property key="Clear" value="false"/>
                <key-binding alias="CurrentForms.wishlist.productlists" key="Form"/>
                <key-binding alias="ProductLists" key="Object"/>
              </pipelet-node>
              <node-display x="0" y="1"/>
            </node>
            <simple-transition/>
            <node>
              <pipelet-node pipelet-name="Assign" pipelet-set-identifier="bc_api">
                <config-property key="Transactional" value="true"/>
                <key-binding alias="CurrentForms.wishlist.search.firstname.value" key="From_0"/>
                <key-binding alias="SearchFirstName" key="To_0"/>
                <key-binding alias="CurrentForms.wishlist.search.lastname.value" key="From_1"/>
                <key-binding alias="SearchLastName" key="To_1"/>
                <key-binding alias="CurrentForms.wishlist.search.email.value" key="From_2"/>
                <key-binding alias="SearchEmail" key="To_2"/>
                <key-binding alias="null" key="From_3"/>
                <key-binding alias="null" key="To_3"/>
                <key-binding alias="null" key="From_4"/>
                <key-binding alias="null" key="To_4"/>
                <key-binding alias="null" key="From_5"/>
                <key-binding alias="null" key="To_5"/>
                <key-binding alias="null" key="From_6"/>
                <key-binding alias="null" key="To_6"/>
                <key-binding alias="null" key="From_7"/>
                <key-binding alias="null" key="To_7"/>
                <key-binding alias="null" key="From_8"/>
                <key-binding alias="null" key="To_8"/>
                <key-binding alias="null" key="From_9"/>
                <key-binding alias="null" key="To_9"/>
              </pipelet-node>
              <node-display x="0" y="1"/>
            </node>
            <simple-transition/>
            <node>
              <pipelet-node pipelet-name="ClearFormElement" pipelet-set-identifier="bc_api">
                <key-binding alias="CurrentForms.wishlist.search" key="FormElement"/>
              </pipelet-node>
              <node-display x="0" y="1"/>
            </node>
            <transition target-connector="in1" target-path="../+3"/>
          </segment>
        </branch>
      </node>
      <transition target-connector="in1" target-path="./+1"/>
    </segment>
    <segment>
      <node>
        <join-node/>
        <node-display x="1" y="1"/>
      </node>
      <simple-transition/>
      <node>
        <pipelet-node pipelet-name="Assign" pipelet-set-identifier="bc_api">
          <config-property key="Transactional" value="true"/>
          <key-binding alias="CurrentForms.wishlist.search.firstname.value" key="From_0"/>
          <key-binding alias="SearchFirstName" key="To_0"/>
          <key-binding alias="CurrentForms.wishlist.search.lastname.value" key="From_1"/>
          <key-binding alias="SearchLastName" key="To_1"/>
          <key-binding alias="CurrentForms.wishlist.search.email.value" key="From_2"/>
          <key-binding alias="SearchEmail" key="To_2"/>
          <key-binding alias="null" key="From_3"/>
          <key-binding alias="null" key="To_3"/>
          <key-binding alias="null" key="From_4"/>
          <key-binding alias="null" key="To_4"/>
          <key-binding alias="null" key="From_5"/>
          <key-binding alias="null" key="To_5"/>
          <key-binding alias="null" key="From_6"/>
          <key-binding alias="null" key="To_6"/>
          <key-binding alias="null" key="From_7"/>
          <key-binding alias="null" key="To_7"/>
          <key-binding alias="null" key="From_8"/>
          <key-binding alias="null" key="To_8"/>
          <key-binding alias="null" key="From_9"/>
          <key-binding alias="null" key="To_9"/>
        </pipelet-node>
        <node-display x="0" y="2"/>
      </node>
      <transition target-connector="in1" target-path="./+1"/>
    </segment>
    <segment>
      <node>
        <join-node/>
        <node-display x="0" y="2"/>
      </node>
      <transition target-connector="in1" target-path="./+1"/>
    </segment>
    <segment>
      <node>
        <join-node/>
        <node-display x="-1" y="0"/>
      </node>
      <simple-transition/>
      <node>
        <interaction-node transaction-required="false">
          <template buffered="true" dynamic="false" name="account/wishlist/wishlistresults"/>
        </interaction-node>
        <node-display x="0" y="1"/>
      </node>
    </segment>
  </branch>
  <branch basename="_ANONYMOUS_BRANCH_13">
    <segment>
      <node>
        <text-node>
          <description>Set the shipping address for the wish list.
Expects: AddressID</description>
        </text-node>
        <node-display x="22" y="1"/>
      </node>
    </segment>
  </branch>
  <branch basename="SetShippingAddress">
    <segment>
      <node>
        <start-node name="SetShippingAddress" secure="true"/>
        <node-display x="22" y="2"/>
      </node>
      <simple-transition>
        <transition-display>
          <bend-point relative-to="source" x="0" y="1"/>
          <bend-point relative-to="source" x="-1" y="1"/>
          <bend-point relative-to="target" x="-1" y="0"/>
        </transition-display>
      </simple-transition>
      <node>
        <decision-node condition-key="!CurrentHttpParameterMap.AddressID.empty||!CurrentHttpParameterMap.editAddress.empty" condition-operator="expr"/>
        <node-display orientation="horizontal" x="0" y="1"/>
        <branch basename="b2" source-connector="yes">
          <transition target-connector="in">
            <transition-display>
              <bend-point relative-to="source" x="1" y="0"/>
              <bend-point relative-to="source" x="1" y="1"/>
              <bend-point relative-to="source" x="0" y="1"/>
            </transition-display>
          </transition>
          <segment>
            <node>
              <pipelet-node pipelet-name="GetCustomerAddress" pipelet-set-identifier="bc_api">
                <key-binding alias="empty(CurrentHttpParameterMap.AddressID.stringValue)?CurrentHttpParameterMap.editAddress.stringValue:CurrentHttpParameterMap.AddressID.stringValue" key="AddressID"/>
                <key-binding alias="Address" key="Address"/>
                <key-binding alias="CurrentCustomer" key="Customer"/>
              </pipelet-node>
              <node-display x="0" y="1"/>
              <branch basename="b2" source-connector="error">
                <transition target-connector="in1" target-path="../+2">
                  <transition-display>
                    <bend-point relative-to="source" x="2" y="0"/>
                    <bend-point relative-to="target" x="2" y="0"/>
                  </transition-display>
                </transition>
              </branch>
            </node>
            <transition target-connector="in1" target-path="../+1"/>
          </segment>
        </branch>
      </node>
      <transition target-connector="in1" target-path="./+1">
        <transition-display>
          <bend-point relative-to="source" x="-1" y="2"/>
        </transition-display>
      </transition>
    </segment>
    <segment>
      <node>
        <join-node/>
        <node-display x="0" y="2"/>
      </node>
      <simple-transition/>
      <node>
        <call-node start-name-ref="Wishlist-FetchWishList"/>
        <node-display x="0" y="1"/>
      </node>
      <simple-transition>
        <transition-display>
          <bend-point relative-to="source" x="0" y="1"/>
        </transition-display>
      </simple-transition>
      <node>
        <pipelet-node pipelet-name="Script" pipelet-set-identifier="bc_api">
          <config-property key="Transactional" value="true"/>
          <config-property key="OnError" value="PIPELET_ERROR"/>
          <config-property key="ScriptFile" value="account/wishlist/SetShippingAddress.ds"/>
          <key-binding alias="test" key="ScriptLog"/>
          <key-binding alias="ProductList" key="ProductList"/>
          <key-binding alias="Address" key="Address"/>
        </pipelet-node>
        <node-display x="0" y="1"/>
        <branch basename="b2" source-connector="error">
          <transition target-connector="in1" target-path="./+1">
            <transition-display>
              <bend-point relative-to="source" x="1" y="0"/>
              <bend-point relative-to="target" x="1" y="0"/>
            </transition-display>
          </transition>
        </branch>
      </node>
      <transition target-connector="in1" target-path="./+1"/>
    </segment>
    <segment>
      <node>
        <join-node/>
        <node-display x="0" y="1"/>
      </node>
      <simple-transition>
        <transition-display>
          <bend-point relative-to="source" x="0" y="1"/>
        </transition-display>
      </simple-transition>
      <node>
        <jump-node start-name-ref="Wishlist-Show"/>
        <node-display x="0" y="1"/>
      </node>
    </segment>
  </branch>
  <branch basename="InitAddressBook">
    <segment>
      <node>
        <start-node call-mode="private" name="InitAddressBook" secure="false"/>
        <node-display x="1" y="18"/>
      </node>
      <simple-transition/>
      <node>
        <decision-node condition-key="CurrentCustomer.authenticated" condition-operator="expr"/>
        <node-display x="0" y="1"/>
        <branch basename="b2" source-connector="yes">
          <transition target-connector="in"/>
          <segment>
            <node>
              <pipelet-node custom-name="Initialize address book form" pipelet-name="UpdateFormWithObject" pipelet-set-identifier="bc_api">
                <config-property key="Clear" value="false"/>
                <key-binding alias="CurrentForms.wishlist.addressbook.addresses" key="Form"/>
                <key-binding alias="CurrentCustomer.profile.addressBook.addresses" key="Object"/>
              </pipelet-node>
              <node-display x="0" y="1"/>
            </node>
            <simple-transition>
              <transition-display>
                <bend-point relative-to="source" x="0" y="1"/>
              </transition-display>
            </simple-transition>
            <node>
              <end-node/>
              <node-display x="0" y="1"/>
            </node>
          </segment>
        </branch>
      </node>
      <simple-transition/>
      <node>
        <end-node/>
        <node-display orientation="horizontal" x="1" y="0"/>
      </node>
    </segment>
  </branch>
  <branch basename="ClearForms">
    <segment>
      <node>
        <start-node call-mode="private" name="ClearForms" secure="false"/>
        <node-display x="4" y="18"/>
      </node>
      <simple-transition>
        <transition-display>
          <bend-point relative-to="source" x="0" y="1"/>
        </transition-display>
      </simple-transition>
      <node>
        <pipelet-node pipelet-name="ClearFormElement" pipelet-set-identifier="bc_api">
          <key-binding alias="CurrentForms.wishlist" key="FormElement"/>
        </pipelet-node>
        <node-display x="0" y="1"/>
      </node>
      <simple-transition>
        <transition-display>
          <bend-point relative-to="source" x="0" y="1"/>
        </transition-display>
      </simple-transition>
      <node>
        <pipelet-node pipelet-name="ClearFormElement" pipelet-set-identifier="bc_api">
          <key-binding alias="CurrentForms.login" key="FormElement"/>
        </pipelet-node>
        <node-display x="0" y="1"/>
      </node>
      <simple-transition>
        <transition-display>
          <bend-point relative-to="source" x="0" y="1"/>
        </transition-display>
      </simple-transition>
      <node>
        <end-node/>
        <node-display x="0" y="1"/>
      </node>
    </segment>
  </branch>
  <branch basename="FetchWishList">
    <segment>
      <node>
        <start-node call-mode="private" name="FetchWishList" secure="false"/>
        <node-display x="7" y="18"/>
      </node>
      <simple-transition>
        <transition-display>
          <bend-point relative-to="source" x="0" y="1"/>
        </transition-display>
      </simple-transition>
      <node>
        <pipelet-node pipelet-name="GetProductLists" pipelet-set-identifier="bc_api">
          <key-binding alias="CurrentCustomer" key="Customer"/>
          <key-binding alias="null" key="EventType"/>
          <key-binding alias="ProductLists" key="ProductLists"/>
          <key-binding alias="dw.customer.ProductList.TYPE_WISH_LIST" key="Type"/>
        </pipelet-node>
        <node-display x="0" y="1"/>
      </node>
      <simple-transition>
        <transition-display>
          <bend-point relative-to="source" x="0" y="1"/>
        </transition-display>
      </simple-transition>
      <node>
        <decision-node condition-key="ProductLists.size() &gt; 0" condition-operator="expr"/>
        <node-display x="0" y="1"/>
        <branch basename="b2" source-connector="yes">
          <transition target-connector="in"/>
          <segment>
            <node>
              <pipelet-node pipelet-name="Assign" pipelet-set-identifier="bc_api">
                <key-binding alias="ProductLists.iterator().next()" key="From_0"/>
                <key-binding alias="ProductList" key="To_0"/>
                <key-binding alias="null" key="From_1"/>
                <key-binding alias="null" key="To_1"/>
                <key-binding alias="null" key="From_2"/>
                <key-binding alias="null" key="To_2"/>
                <key-binding alias="null" key="From_3"/>
                <key-binding alias="null" key="To_3"/>
                <key-binding alias="null" key="From_4"/>
                <key-binding alias="null" key="To_4"/>
                <key-binding alias="null" key="From_5"/>
                <key-binding alias="null" key="To_5"/>
                <key-binding alias="null" key="From_6"/>
                <key-binding alias="null" key="To_6"/>
                <key-binding alias="null" key="From_7"/>
                <key-binding alias="null" key="To_7"/>
                <key-binding alias="null" key="From_8"/>
                <key-binding alias="null" key="To_8"/>
                <key-binding alias="null" key="From_9"/>
                <key-binding alias="null" key="To_9"/>
              </pipelet-node>
              <node-display x="0" y="1"/>
            </node>
            <transition target-connector="in1" target-path="../+1"/>
          </segment>
        </branch>
      </node>
      <simple-transition>
        <transition-display>
          <bend-point relative-to="source" x="2" y="0"/>
          <bend-point relative-to="target" x="0" y="-1"/>
        </transition-display>
      </simple-transition>
      <node>
        <pipelet-node pipelet-name="CreateProductList" pipelet-set-identifier="bc_api">
          <key-binding alias="dw.customer.ProductList.TYPE_WISH_LIST" key="Type"/>
          <key-binding alias="ProductList" key="ProductList"/>
          <key-binding alias="CurrentCustomer" key="Customer"/>
        </pipelet-node>
        <node-display x="1" y="1"/>
      </node>
      <transition target-connector="in1" target-path="./+1"/>
    </segment>
    <segment>
      <node>
        <join-node/>
        <node-display x="-1" y="1"/>
      </node>
      <simple-transition/>
      <node>
        <end-node/>
        <node-display x="0" y="1"/>
      </node>
    </segment>
  </branch>
  <branch basename="ReplaceProductListItem">
    <segment>
      <node>
        <start-node name="ReplaceProductListItem" secure="false"/>
        <node-display x="10" y="18"/>
      </node>
      <simple-transition/>
      <node>
        <pipelet-node pipelet-name="Assign" pipelet-set-identifier="bc_api">
          <config-property key="Transactional" value="false"/>
          <key-binding alias="&quot;Wishlist-ReplaceProductListItem&quot;" key="From_0"/>
          <key-binding alias="TargetPipeline" key="To_0"/>
          <key-binding alias="null" key="From_1"/>
          <key-binding alias="null" key="To_1"/>
          <key-binding alias="null" key="From_2"/>
          <key-binding alias="null" key="To_2"/>
          <key-binding alias="null" key="From_3"/>
          <key-binding alias="null" key="To_3"/>
          <key-binding alias="null" key="From_4"/>
          <key-binding alias="null" key="To_4"/>
          <key-binding alias="null" key="From_5"/>
          <key-binding alias="null" key="To_5"/>
          <key-binding alias="null" key="From_6"/>
          <key-binding alias="null" key="To_6"/>
          <key-binding alias="null" key="From_7"/>
          <key-binding alias="null" key="To_7"/>
          <key-binding alias="null" key="From_8"/>
          <key-binding alias="null" key="To_8"/>
          <key-binding alias="null" key="From_9"/>
          <key-binding alias="null" key="To_9"/>
        </pipelet-node>
        <node-display x="0" y="1"/>
      </node>
      <simple-transition/>
      <node>
        <call-node start-name-ref="Wishlist-FetchWishList"/>
        <node-display x="0" y="1"/>
      </node>
      <simple-transition/>
      <node>
        <pipelet-node pipelet-name="Script" pipelet-set-identifier="bc_api">
          <config-property key="Transactional" value="true"/>
          <config-property key="OnError" value="PIPELET_ERROR"/>
          <config-property key="ScriptFile" value="account/ReplaceProductListItem.ds"/>
          <key-binding alias="CurrentHttpParameterMap.pid.stringValue" key="pid"/>
          <key-binding alias="ProductList" key="ProductList"/>
          <key-binding alias="CurrentHttpParameterMap.uuid.stringValue" key="plid"/>
          <key-binding alias="WishList" key="UpdatedProductList"/>
        </pipelet-node>
        <node-display x="0" y="1"/>
        <branch basename="b2" source-connector="error">
          <transition target-connector="in1" target-path="./+1">
            <transition-display>
              <bend-point relative-to="source" x="1" y="0"/>
              <bend-point relative-to="source" x="1" y="2"/>
              <bend-point relative-to="target" x="1" y="0"/>
            </transition-display>
          </transition>
        </branch>
      </node>
      <simple-transition/>
      <node>
        <call-node start-name-ref="Wishlist-AddProduct"/>
        <node-display x="0" y="1"/>
      </node>
      <transition target-connector="in1" target-path="./+1"/>
    </segment>
    <segment>
      <node>
        <join-node/>
        <node-display x="0" y="1"/>
      </node>
      <simple-transition/>
      <node>
        <interaction-node transaction-required="false">
          <template buffered="true" dynamic="false" name="account/wishlist/refreshwishlist"/>
        </interaction-node>
        <node-display x="0" y="1"/>
      </node>
    </segment>
  </branch>
</pipeline>
